Title 	 Date
RE: Passwörter Biokemika	Mon, 5 Jan 2009 11:42:15 +0100
Re: Passwörter Biokemika	Sun, 4 Jan 2009 17:57:59 +0100
AW: Passwörter Biokemika	Sun, 4 Jan 2009 17:38:48 +0100
Re: Passwörter Biokemika	Sat, 3 Jan 2009 19:04:53 +0100
Hi Sven	Sat, 3 Jan 2009 15:47:21 +0100
RE: BioKemika	Sat, 20 Dec 2008 21:14:57 +0100
Re: BioKemika	Sat, 20 Dec 2008 01:09:29 +0100
BioKemika	Fri, 19 Dec 2008 17:42:10 +0100
[BioKemika] - Bestätigung der E-Mail-Adresse	Sat, 20 Dec 2008 02:34:26 +0100
bioKemika conference "la ultima a fines de marzo"	Fri, 27 Mar 2009 00:33:30 +0100
BioKemika-E-Mail	Wed, 25 Mar 2009 04:42:42 +0100
RE: Hola :-)	Thu, 19 Mar 2009 15:11:01 +0000
RE: Hola :-)	Wed, 18 Mar 2009 13:04:08 +0100
Hola :-)	Wed, 18 Mar 2009 01:04:50 +0100
RE: BioKemika und Geld	Tue, 3 Mar 2009 18:06:19 +0100
Re: BioKemika und Geld	Tue, 3 Mar 2009 17:54:15 +0100
BioKemika und Geld	Tue, 3 Mar 2009 17:25:46 +0100
blubb ich bin ne gurke	Mon, 2 Mar 2009 22:21:17 +0100
RE: Bitte mal den HRZ nerven	Fri, 27 Feb 2009 10:14:34 +0100
Re: Bitte mal den HRZ nerven	Fri, 27 Feb 2009 00:28:23 +0100
RE: Bitte mal den HRZ nerven	Thu, 26 Feb 2009 21:52:14 +0100
RE: Bitte mal den HRZ nerven	Wed, 25 Feb 2009 19:49:33 +0100
Bitte mal den HRZ nerven	Wed, 25 Feb 2009 18:24:33 +0100
BioKemika - Neue Suchmöglichkeit - OttoBib	Thu, 26 Feb 2009 21:07:18 +0100
Re: Hi :)	Wed, 25 Feb 2009 15:50:50 +0100
Hi :)	Wed, 25 Feb 2009 13:24:27 +0100
Re: Wegen BioKemika	Tue, 17 Feb 2009 23:35:05 +0100
Wegen BioKemika	Tue, 17 Feb 2009 23:16:14 +0100
Neues Passwort für ein BioKemika-Benutzerkonto	Thu, 29 Jan 2009 10:57:20 +0100
RE: BioKemika-Benutzerrechte... die Dritte	Sat, 17 Jan 2009 13:25:26 +0100
BioKemika-Benutzerrechte... die Dritte	Sat, 17 Jan 2009 01:18:46 +0100
Re: BioKemika	Thu, 15 Jan 2009 16:34:21 +0100
BioKemika	Thu, 15 Jan 2009 13:57:29 +0100
Re: BioKemika	Tue, 13 Jan 2009 22:52:13 +0100
Fwd: BioKemika	Tue, 13 Jan 2009 02:06:23 +0100
BioKemika	Mon, 12 Jan 2009 18:51:01 +0100
Re: Biokemika: Bitte ein paar Ordnerrechte korrigieren	Tue, 13 Jan 2009 17:32:41 +0100
RE: Biokemika: Bitte ein paar Ordnerrechte korrigieren	Tue, 13 Jan 2009 09:27:03 +0100
Biokemika: Bitte ein paar Ordnerrechte korrigieren	Tue, 13 Jan 2009 01:57:12 +0100
Re: BioKemika/Theo	Mon, 12 Jan 2009 18:00:02 +0100
BioKemika	Mon, 12 Jan 2009 16:35:56 +0100
RE: Zugang CGI	Fri, 9 Jan 2009 17:23:31 +0100
Re: Zugang CGI	Fri, 9 Jan 2009 16:31:56 +0100
RE: Zugang CGI	Fri, 9 Jan 2009 13:39:25 +0100
Re: Zugang CGI	Fri, 9 Jan 2009 05:43:08 +0100
Zugang CGI	Thu, 8 Jan 2009 19:55:31 +0100
RE: BioKemika -- CGI-Server	Thu, 8 Jan 2009 19:50:33 +0100
BioKemika -- CGI-Server	Thu, 8 Jan 2009 11:04:02 +0100
AW: BioKemika -- CGI-Server	Wed, 7 Jan 2009 21:19:24 +0100
Re: BioKemika -- CGI-Server	Wed, 7 Jan 2009 17:16:41 +0100
RE: BioKemika -- CGI-Server	Wed, 7 Jan 2009 16:15:40 +0100
Re: BioKemika -- CGI-Server	Mon, 5 Jan 2009 18:37:48 +0100
Neues Passwort für ein BioKemika-Benutzerkonto	Tue, 6 Jan 2009 01:47:53 +0100
BioKemika - CGI Server	Mon, 5 Jan 2009 12:48:38 +0100
Hi :)	Wed, 25 Mar 2009 10:56:44 +0100
Logos SeLF	Mon, 30 Mar 2009 16:50:28 +0200
WG: BioKemika	Mon, 20 Apr 2009 21:24:48 +0200
AW: BioKemika	Mon, 20 Apr 2009 18:16:13 +0200
AW: BioKemika	Fri, 17 Apr 2009 20:01:53 +0200
BioKemika	Fri, 17 Apr 2009 19:23:08 +0200
AW: BioKemika	Fri, 17 Apr 2009 19:19:00 +0200
BioKemika	Thu, 16 Apr 2009 22:26:20 +0200
erste version des Plakats	Mon, 20 Apr 2009 20:32:44 +0200
WG: Konnektierung Ihrer Domain  biokemika.de	Mon, 20 Apr 2009 18:14:18 +0200
BioKemika Präsentationen	Mon, 20 Apr 2009 16:44:38 +0200
WG: Ihr STRATO Webhosting-Paket wurde aktiviert (Auftragsnummer: 2869953)	Mon, 20 Apr 2009 16:09:46 +0200
WG: Bitte vergeben Sie Ihr STRATO Kundenpasswort	Mon, 20 Apr 2009 16:09:01 +0200
WG: Willkommen bei STRATO	Mon, 20 Apr 2009 16:08:51 +0200
RE: Neuer Server für BioKemika	Wed, 15 Apr 2009 23:55:58 +0200
Re: Neuer Server für BioKemika	Wed, 15 Apr 2009 18:22:22 +0200
RE: Neuer Server für BioKemika	Wed, 15 Apr 2009 11:20:34 +0200
Re: Neuer Server für BioKemika	Wed, 15 Apr 2009 01:17:20 +0200
Umzug der BioKemika in einem neuen Server	Tue, 14 Apr 2009 23:43:18 +0200
Wegen BioKemika Geld, Feb. Mär. 2009	Wed, 8 Apr 2009 11:01:58 +0200
Hallo Leute: BioKemika	Fri, 3 Apr 2009 23:19:42 +0200
Kurzprofil	Tue, 21 Apr 2009 16:57:47 +0200
Plakatentwurf die Zweite	Tue, 21 Apr 2009 16:17:09 +0200
Entwurf Mr. BC	Wed, 22 Apr 2009 20:08:29 +0200
mathe	Wed, 22 Apr 2009 19:28:23 +0200
BioKemika: User-Seite und Fachschafts-Seite	Wed, 22 Apr 2009 17:15:30 +0200
Kurzprofil der BioKemika	Wed, 22 Apr 2009 16:53:49 +0200
WG: Nutzung der Plakatrahmen für Ankündigung eines eLearning Portals im Fachbereich 14	Wed, 22 Apr 2009 16:24:16 +0200
Nutzung der Plakatrahmen für Ankündigung eines eLearning Portals im Fachbereich 14	Wed, 22 Apr 2009 15:34:58 +0200
Help	Wed, 22 Apr 2009 12:38:24 +0200
RE: ¡Urgente! www.biokemika.de HRZ	Wed, 22 Apr 2009 00:57:00 +0200
¡Urgente! www.biokemika.de HRZ	Mon, 20 Apr 2009 23:13:09 +0200
Nutzung der TV-Geräte am Campus Riedberg	Thu, 30 Apr 2009 15:08:20 +0200
AW: Nutzung der TV-Geräte am Campus Riedberg	Fri, 24 Apr 2009 16:53:27 +0200
Nutzung der TV-Geräte am Campus Riedberg	Fri, 24 Apr 2009 16:31:49 +0200
InfoBox, Präsentation und Kostenstelle	Thu, 30 Apr 2009 01:22:15 +0200
WG: Ihre Bestellung ist abholbereit	Wed, 29 Apr 2009 14:05:53 +0200
BioKemika	Tue, 28 Apr 2009 20:47:43 +0200
Werbung	Mon, 27 Apr 2009 23:12:19 +0200
WG: Best. Nr: 90481466	Mon, 27 Apr 2009 23:02:27 +0200
WG: Best. Nr: 90481424	Mon, 27 Apr 2009 23:02:25 +0200
WG: Best. Nr: 90481368	Mon, 27 Apr 2009 23:02:22 +0200
RE: Neuer Server ist online!	Sun, 26 Apr 2009 05:27:02 +0200
Neuer Server ist online!	Sun, 26 Apr 2009 01:26:29 +0200
Mr. und Mrs. BC	Fri, 24 Apr 2009 18:54:28 +0200
AW: BioKemika: Stand der Dinge	Fri, 24 Apr 2009 17:58:45 +0200
WG: BioKemika: Stand der Dinge	Fri, 24 Apr 2009 17:04:48 +0200
BioKemika: Stand der Dinge	Fri, 24 Apr 2009 16:04:20 +0200
WG: Förderung durch den FBCF	Fri, 24 Apr 2009 17:04:30 +0200
AW: Nutzung der Plakatrahmen für Ankündigung eines eLearning Portals im Fachbereich 14	Fri, 24 Apr 2009 16:09:40 +0200
Miss BC	Thu, 23 Apr 2009 23:47:55 +0200
BioKemika Ausgabenplan für Förderverein	Mon, 4 May 2009 17:35:06 +0200
fortsetzung: Stand der Dinge	Tue, 5 May 2009 17:29:18 +0200
BioKemika... Stand der Dinge	Tue, 5 May 2009 17:23:51 +0200
WG: Ankündigung des studentischen Projekts: BioKemika	Tue, 5 May 2009 16:26:14 +0200
Toolbox ViralZone nur	Tue, 5 May 2009 16:10:03 +0200
Registrierung an der BioKemika	Tue, 5 May 2009 21:33:03 +0200
AW: [BioKemika] HRZ-Benutzerauthentifizierung im eLearning-Portal nutzen	Wed, 6 May 2009 15:04:04 +0200
RE: [BioKemika] HRZ-Benutzerauthentifizierung im eLearning-Portal nutzen	Wed, 6 May 2009 15:02:48 +0200
[BioKemika] HRZ-Benutzerauthentifizierung im eLearning-Portal nutzen	Wed, 6 May 2009 13:38:01 +0200
Re: [BioKemika] HRZ-Benutzerauthentifizierung im eLearning-Portal nutzen	Wed, 06 May 2009 10:48:54 +0200
[BioKemika] HRZ-Benutzerauthentifizierung im eLearning-Portal nutzen	Tue, 5 May 2009 22:11:36 +0200
Re: [BioKemika] Packete installieren	Wed, 13 May 2009 18:27:03 +0200
[BioKemika] Packete installieren	Wed, 13 May 2009 12:03:50 +0200
Re: Löwenzahn über BioKemika	Wed, 13 May 2009 08:56:33 +0200
Löwenzahn über BioKemika	Wed, 13 May 2009 01:40:18 +0200
RE: Studiumdigitale-Serverabsage	Thu, 14 May 2009 16:31:38 +0200
Re: Studiumdigitale-Serverabsage	Thu, 14 May 2009 10:53:23 +0200
RE: Studiumdigitale-Serverabsage	Thu, 14 May 2009 08:18:13 +0200
Studiumdigitale-Serverabsage	Wed, 13 May 2009 22:30:40 +0200
AW: Ludwig - Kurz und knapp	Wed, 27 May 2009 14:54:13 +0200
Ludwig - Kurz und knapp	Wed, 27 May 2009 14:43:15 +0200
AW: AW: Tooltips	Wed, 27 May 2009 13:55:54 +0200
RE: AW: Tooltips	Wed, 27 May 2009 13:32:11 +0200
AW: Tooltips	Wed, 27 May 2009 12:14:48 +0200
Tooltips	Tue, 26 May 2009 23:09:41 +0200
Re: [BioKemika] Software-Installation	Tue, 26 May 2009 12:36:39 +0200
Re: [BioKemika] Software-Installation	Mon, 25 May 2009 14:43:01 +0200
Re: [BioKemika] Software-Installation	Mon, 25 May 2009 14:08:16 +0200
[BioKemika] Software-Installation	Sun, 24 May 2009 03:09:19 +0200
AW: Anfrage auf Sponsoring bei Licher - Die zweite...	Mon, 25 May 2009 23:59:47 +0200
RE: Anfrage auf Sponsoring bei Licher - Die zweite...	Mon, 25 May 2009 23:31:50 +0200
Anfrage auf Sponsoring bei Licher - Die zweite...	Mon, 25 May 2009 22:43:11 +0200
RE: BC Bürokrat	Sun, 24 May 2009 21:35:55 +0200
Re: BC Bürokrat	Sun, 24 May 2009 21:32:05 +0200
	Sun, 24 May 2009 18:03:06 +0200
RE: AW: Gesprächprotokoll - Bibliothek	Sun, 24 May 2009 17:55:13 +0200
AW: Gesprächprotokoll - Bibliothek	Sun, 24 May 2009 17:51:58 +0200
Gesprächprotokoll - Bibliothek	Sun, 24 May 2009 17:15:43 +0200
FW: contagious virus warning ;-)	Sun, 24 May 2009 13:36:42 +0200
RE: Passwortgesicherte & Verschlüsselte Inhalte	Sun, 24 May 2009 13:31:53 +0200
Passwortgesicherte & Verschlüsselte Inhalte	Fri, 22 May 2009 17:28:05 +0200
Re: Hei du :)	Sun, 31 May 2009 15:48:28 +0200
Hei du :)	Sun, 31 May 2009 14:19:43 +0200
Fristverlängerung auf Plakate	Fri, 5 Jun 2009 21:13:39 +0200
BioKemika - NOS und Ludwig	Thu, 4 Jun 2009 15:59:37 +0200
Re: NOS - Präsentation für Ludwig	Wed, 3 Jun 2009 23:55:28 +0200
NOS - Präsentation für Ludwig	Wed, 3 Jun 2009 23:14:38 +0200
	Wed, 3 Jun 2009 21:20:41 +0200
RE: Fotos BioKemika Plakat	Tue, 9 Jun 2009 20:35:00 +0200
Re: Fotos BioKemika Plakat	Tue, 9 Jun 2009 20:02:38 +0200
Fotos BioKemika Plakat	Tue, 9 Jun 2009 19:28:56 +0200
RE: Fast vergessen	Tue, 9 Jun 2009 20:32:00 +0200
Re: Fast vergessen	Tue, 9 Jun 2009 19:55:24 +0200
Fast vergessen	Tue, 9 Jun 2009 19:30:28 +0200
Fwd: Mail delivery failed: returning message to sender	Tue, 9 Jun 2009 20:29:47 +0200
Mail delivery failed: returning message to sender	Tue, 09 Jun 2009 20:12:01 +0200
Subdomains (Wildcard) biokemika.uni-frankfurt.de	Tue, 9 Jun 2009 20:10:37 +0200
AW: AW: Unser Slogan ist zu brav XD	Tue, 9 Jun 2009 17:53:08 +0200
Unser Slogan ist zu brav XD	Tue, 9 Jun 2009 08:15:05 +0200
RE: Die Datenbanken	Mon, 8 Jun 2009 11:13:32 +0200
Die Datenbanken	Mon, 8 Jun 2009 03:20:02 +0200
AW: Präsentation der BioKemika 3. Juli	Mon, 8 Jun 2009 00:42:29 +0200
Präsentation der BioKemika 3. Juli	Sun, 7 Jun 2009 19:44:26 +0200
AW: BioKemika - Feedback	Mon, 8 Jun 2009 00:37:45 +0200
BioKemika - Feedback	Sun, 7 Jun 2009 19:34:56 +0200
FW: BioKemika	Sun, 7 Jun 2009 19:35:36 +0200
BioKemika - Frist	Sun, 7 Jun 2009 16:23:25 +0200
bioke präsentationen	Fri, 12 Jun 2009 02:08:06 +0200
Re: bioke präsentationen	Fri, 12 Jun 2009 02:07:30 +0200
RE: bioke präsentationen	Thu, 11 Jun 2009 22:38:24 +0200
bioke präsentationen	Thu, 11 Jun 2009 21:20:47 +0200
AW: vorläufige Artikelveraion	Sat, 13 Jun 2009 12:11:50 +0200
Nachricht von Ralph	Thu, 18 Jun 2009 22:16:41 +0200
AW: Slogan Plakat	Thu, 18 Jun 2009 16:57:01 -0300
fertiger Text	Thu, 18 Jun 2009 21:33:24 +0200
Re: Antwort an Ralph	Thu, 18 Jun 2009 21:16:08 +0200
Antwort an Ralph	Thu, 18 Jun 2009 21:10:33 +0200
AW: BioKemika Evaluation - nochmal	Tue, 23 Jun 2009 17:13:31 +0200
BioKemika Evaluation - nochmal	Tue, 23 Jun 2009 11:25:03 +0200
bioke	Mon, 22 Jun 2009 14:21:17 +0200
Re: Vieles zu BioKemika :)	Mon, 22 Jun 2009 18:06:05 +0200
Vieles zu BioKemika :)	Mon, 22 Jun 2009 13:55:33 +0200
WG Flyer für Campusfest	Mon, 22 Jun 2009 12:26:56 +0200
Fwd: Campusfest nächste Schritte	Sun, 21 Jun 2009 08:06:17 -0300
Re: Zweite Information zum Stand auf dem Markt der M öglichke iten am 3.7.	Thu, 25 Jun 2009 09:11:02 -0300
Re: Zweite Information zum Stand auf dem Markt der Möglichke iten am 3.7.	Thu, 25 Jun 2009 10:52:00 +0200
Fwd: Zweite Information zum Stand auf dem Markt der Möglichke iten am 3.7.	Thu, 25 Jun 2009 05:27:01 -0300
Evaluation - fast Fertig	Sat, 27 Jun 2009 21:23:17 +0200
Titel zum Vortrag :)	Sat, 27 Jun 2009 21:02:38 +0200
bioke	Sat, 4 Jul 2009 17:11:17 +0200
Fotos	Sat, 4 Jul 2009 14:51:29 +0200
AW: SeLF2009	Sat, 4 Jul 2009 14:14:57 +0200
RE: SeLF2009	Sat, 4 Jul 2009 14:01:04 +0200
SeLF2009	Sat, 4 Jul 2009 12:49:16 +0200
WG: AW: AW: Ak-Artikel	Sat, 4 Jul 2009 14:12:27 +0200
	Fri, 3 Jul 2009 07:54:42 +0200
	Tue, 7 Jul 2009 21:19:33 +0200
Re: AW: BioKemika Fragebogen	Tue, 7 Jul 2009 20:30:21 +0200
AW: AW: BioKemika Fragebogen	Tue, 7 Jul 2009 20:25:27 +0200
RE: BioKemika Fragebogen	Tue, 7 Jul 2009 08:57:41 +0200
Re: BioKemika Fragebogen	Tue, 7 Jul 2009 01:50:10 +0200
BioKemika Fragebogen	Tue, 7 Jul 2009 00:14:48 +0200
RE: AW: Treffen	Sat, 11 Jul 2009 21:40:42 +0200
RE: AW: Treffen	Fri, 10 Jul 2009 18:30:08 +0200
AW: Treffen	Fri, 10 Jul 2009 17:20:58 +0200
SeLF2008 - letzter treffen und paar infos	Sat, 11 Jul 2009 21:39:36 +0200
krömker	Fri, 10 Jul 2009 21:53:47 +0200
eva	Fri, 10 Jul 2009 21:06:28 +0200
studentisches Projekt: BioKemika	Wed, 8 Jul 2009 17:20:33 +0200
dekan	Sun, 12 Jul 2009 20:04:12 +0200
AW: SeLF2008 - letzter treffen und paar infos	Sun, 12 Jul 2009 19:07:28 +0200
mail an krömker - bitte weiterleiten	Sun, 12 Jul 2009 19:05:41 +0200
elf	Tue, 14 Jul 2009 14:41:12 +0200
Überraschung!!!	Wed, 15 Jul 2009 22:19:57 +0200
Kostenstelle neu	Thu, 16 Jul 2009 11:37:54 +0200
Re: [BioKemika] Datenschutz/IP-Hashing: Bitte Programme installieren	Wed, 15 Jul 2009 11:24:09 +0200
[BioKemika] Datenschutz/IP-Hashing: Bitte Programme installieren	Wed, 15 Jul 2009 11:11:52 +0200
kosten	Fri, 17 Jul 2009 12:20:10 +0200
elf2009	Tue, 21 Jul 2009 01:46:36 +0200
RE: WG: Newsletter	Wed, 22 Jul 2009 13:36:51 +0200
WG: Newsletter	Wed, 22 Jul 2009 11:01:59 +0200
eLF2009 Antrag endversion	Sun, 26 Jul 2009 12:00:18 +0200
RE: AW: Initiative Wissensregion FrankfurtRheinMain	Mon, 10 Aug 2009 10:52:37 +0200
Initiative Wissensregion FrankfurtRheinMain	Wed, 5 Aug 2009 13:26:23 +0200
RE: spam in bioke	Mon, 10 Aug 2009 10:51:01 +0200
spam in bioke	Mon, 10 Aug 2009 10:11:14 +0200
	Mon, 10 Aug 2009 10:44:40 +0200
korrigierte version	Tue, 4 Aug 2009 13:46:25 +0200
flyer	Tue, 4 Aug 2009 13:39:53 +0200
AW: Präsentation der BioKemika und zurück	Tue, 4 Aug 2009 13:27:23 +0200
FW: Wiki-Fortbildung im November	Tue, 4 Aug 2009 10:47:08 +0200
SeLF - Wichtig	Wed, 19 Aug 2009 14:48:09 +0200
Wichtig, SeLF Gelder	Wed, 19 Aug 2009 14:49:29 +0200
Neues Text an SeLF	Wed, 19 Aug 2009 15:38:20 +0200
Re: [Mailadmin] Mailingliste bestellen: biokemika	Wed, 9 Sep 2009 13:00:15 +0200
Re: [Mailadmin] Mailingliste bestellen: biokemika	Wed, 09 Sep 2009 12:19:19 +0200
AW: BioKemika gegen Spam gefeit	Tue, 8 Sep 2009 20:35:47 +0200
Re: BioKemika gegen Spam gefeit	Tue, 8 Sep 2009 20:17:26 +0200
AW: BioKemika gegen Spam gefeit	Tue, 8 Sep 2009 19:33:47 +0200
RE: BioKemika gegen Spam gefeit	Tue, 8 Sep 2009 10:04:48 +0200
BioKemika gegen Spam gefeit	Tue, 8 Sep 2009 00:30:17 +0200
Hi Leute!	Sun, 4 Oct 2009 16:42:51 +0200
Treffen beim	Sun, 4 Oct 2009 18:57:50 +0200
Re: [Biokemika] FW: SeLF-Abschlussworkshop 5.10.2009	Wed, 30 Sep 2009 14:23:31 +0200
[Biokemika] FW: SeLF-Abschlussworkshop 5.10.2009	Wed, 30 Sep 2009 09:55:18 +0200
RE: Planung einer Seminarreihe für Biochemiker	Mon, 5 Oct 2009 23:58:52 +0200
Planung einer Seminarreihe für Biochemiker	Mon, 5 Oct 2009 23:31:26 +0200
RE: BioKemika	Mon, 5 Oct 2009 23:46:59 +0200
BioKemika	Mon, 5 Oct 2009 22:52:23 +0200
HRZ-Login	Mon, 5 Oct 2009 23:39:43 +0200
Video von SeLF	Mon, 5 Oct 2009 21:36:51 +0200
Re: [Biokemika] BioKemika-Fehlermeldung	Fri, 25 Sep 2009 23:34:22 +0200
[Biokemika] BioKemika-Fehlermeldung	Fri, 25 Sep 2009 22:28:53 +0200
[Biokemika] FW: AW: Kurze Anfrage	Mon, 21 Sep 2009 19:42:55 +0200
Re: [Biokemika] Kein Netz und einige Fragen	Thu, 17 Sep 2009 15:33:41 +0200
Re: [Biokemika] Kein Netz und einige Fragen	Wed, 16 Sep 2009 23:41:42 +0200
Re: [Biokemika] Kein Netz und einige Fragen	Tue, 15 Sep 2009 22:09:07 +0200
[Biokemika] Kein Netz und einige Fragen	Tue, 15 Sep 2009 21:05:30 +0200
Re: [Biokemika] biokemika ist offline?	Tue, 15 Sep 2009 11:52:44 +0200
Re: [Biokemika] biokemika ist offline?	Mon, 14 Sep 2009 15:35:10 +0200
Re: [Biokemika] biokemika ist offline?	Mon, 14 Sep 2009 15:16:30 +0200
[Biokemika] biokemika ist offline?	Mon, 14 Sep 2009 12:18:42 +0200
Re: [Biokemika] Willkommen zur BioKemika-Liste	Wed, 9 Sep 2009 20:40:58 +0200
Re: [Biokemika] Willkommen zur BioKemika-Liste	Wed, 9 Sep 2009 16:10:46 +0200
Willkommen zur BioKemika-Liste	Wed, 9 Sep 2009 15:44:53 +0200
confirm 20380151b408b831f0fed0a965171125502f1c12	Wed, 09 Sep 2009 20:30:23 +0200
Ihre Nachricht an Biokemika wartet auf Bestätigung des Moderators	Wed, 09 Sep 2009 15:29:55 +0200
Ihre Nachricht an Biokemika wartet auf Bestätigung des Moderators	Wed, 09 Sep 2009 12:54:10 +0200
[Biokemika] Test	Wed, 9 Sep 2009 15:11:13 +0200 (CEST)
Sie haben die Mailingliste "Biokemika" abbestellt	Wed, 09 Sep 2009 15:11:07 +0200
Willkommen bei der "Biokemika" Mailingliste  	Wed, 09 Sep 2009 15:10:58 +0200
Willkommen bei der "Biokemika" Mailingliste  	Wed, 09 Sep 2009 12:04:56 +0200
Das Ergebnis Ihres E-Mail-Kommandos	Wed, 09 Sep 2009 13:55:57 +0200
Das Ergebnis Ihres E-Mail-Kommandos	Wed, 09 Sep 2009 13:39:31 +0200
Das Ergebnis Ihres E-Mail-Kommandos	Wed, 09 Sep 2009 13:00:43 +0200
Das Ergebnis Ihres E-Mail-Kommandos	Wed, 09 Sep 2009 12:47:41 +0200
Das Ergebnis Ihres E-Mail-Kommandos	Wed, 09 Sep 2009 12:44:49 +0200
Biokemika Veröffentlichung von sven.koeppel@gmail.com erfordert Bestätigung	Wed, 09 Sep 2009 12:54:10 +0200
RE: BioKemika - Zertifikat	Wed, 7 Oct 2009 14:27:22 +0200
BioKemika	Wed, 7 Oct 2009 14:22:45 +0200
Re: [Biokemika] BioKemika - Zertifikat	Wed, 7 Oct 2009 22:46:18 +0200
AW: [Biokemika] Abschlussbericht BioKemika	Thu, 8 Oct 2009 20:30:47 +0200
Re: [Biokemika] Abschlussbericht BioKemika	Thu, 8 Oct 2009 20:16:00 +0200
AW: [Biokemika] Abschlussbericht BioKemika	Thu, 8 Oct 2009 19:56:52 +0200
Re: [Biokemika] Abschlussbericht BioKemika	Thu, 8 Oct 2009 19:44:37 +0200
AW: [Biokemika] Abschlussbericht BioKemika	Thu, 8 Oct 2009 19:08:16 +0200
AW: [Biokemika] Abschlussbericht BioKemika	Thu, 8 Oct 2009 17:25:09 +0200
Re: [Biokemika] Abschlussbericht BioKemika	Thu, 8 Oct 2009 17:04:04 +0200
AW: [Biokemika] Abschlussbericht BioKemika	Thu, 8 Oct 2009 16:07:27 +0200
Re: [Biokemika] Abschlussbericht BioKemika	Thu, 8 Oct 2009 15:42:55 +0200
AW: [Biokemika] Abschlussbericht BioKemika	Thu, 8 Oct 2009 15:23:07 +0200
Re: [Biokemika] Abschlussbericht BioKemika	Thu, 8 Oct 2009 15:06:19 +0200
AW: [Biokemika] Abschlussbericht BioKemika	Thu, 8 Oct 2009 14:50:59 +0200
Re: Abschlussbericht BioKemika	Thu, 8 Oct 2009 14:41:16 +0200
Abschlussbericht BioKemika	Thu, 8 Oct 2009 13:42:23 +0200
BioKemika	Fri, 9 Oct 2009 16:06:37 +0200
Seminar BioKemika	Mon, 12 Oct 2009 14:30:44 +0200
Re: Seminar BioKemika	Mon, 12 Oct 2009 17:33:20 +0200
RE: IDEE	Mon, 12 Oct 2009 21:12:14 +0200
Re: IDEE	Mon, 12 Oct 2009 20:36:18 +0200
IDEE	Mon, 12 Oct 2009 18:52:13 +0200
AW: [Biokemika] Ex-Ergebnisse online	Tue, 13 Oct 2009 13:04:37 +0200
Re: [Biokemika] Ex-Ergebnisse online	Tue, 13 Oct 2009 12:45:52 +0200
AW: [Biokemika] Ex-Ergebnisse online	Tue, 13 Oct 2009 12:33:49 +0200
Re: [Biokemika] Ex-Ergebnisse online	Tue, 13 Oct 2009 12:06:31 +0200
Re: [Biokemika] Ex-Ergebnisse online	Tue, 13 Oct 2009 12:06:05 +0200
AW: [Biokemika] Ex-Ergebnisse online	Tue, 13 Oct 2009 12:05:10 +0200
AW: [Biokemika] Ex-Ergebnisse online	Tue, 13 Oct 2009 12:03:09 +0200
AW: [Biokemika] Ex-Ergebnisse online	Tue, 13 Oct 2009 11:59:56 +0200
Re: [Biokemika] Ex-Ergebnisse online	Tue, 13 Oct 2009 11:43:36 +0200
RE: [Biokemika] Ex-Ergebnisse online	Tue, 13 Oct 2009 11:39:32 +0200
Ex-Ergebnisse online	Tue, 13 Oct 2009 10:19:07 +0200
AW: [Biokemika] Treffen Heute	Tue, 13 Oct 2009 12:00:29 +0200
Treffen Heute	Tue, 13 Oct 2009 10:04:17 +0200
[Biokemika] BioKemika-Einführung am Freitag	Wed, 14 Oct 2009 16:34:00 +0200
RE: BioKe Präsi	Fri, 16 Oct 2009 01:28:35 +0200
BioKe Präsi	Thu, 15 Oct 2009 19:21:40 +0200
AW: Planung für Freitag	Thu, 15 Oct 2009 15:02:40 +0200
Planung für Freitag	Thu, 15 Oct 2009 14:02:20 +0200
RE: Seminar heute	Fri, 16 Oct 2009 13:43:28 +0200
Seminar heute	Fri, 16 Oct 2009 13:25:19 +0200
RE: Admin für Jana?	Fri, 16 Oct 2009 13:40:50 +0200
Admin für Jana?	Fri, 16 Oct 2009 13:01:49 +0200
To Do Liste xD	Fri, 16 Oct 2009 13:11:12 +0200
Re: To Do Liste xD / Grundsatzdisku	Sat, 17 Oct 2009 01:22:36 +0200
AW: BioKemika und so (Abschottung)	Mon, 19 Oct 2009 17:29:47 +0200
BioKemika und so (Abschottung)	Mon, 19 Oct 2009 17:10:36 +0200
[Biokemika] Text für die Fachschaftsseite	Fri, 23 Oct 2009 15:31:43 +0200
Re: eLF2009 Antrag BioKemika	Fri, 23 Oct 2009 16:48:13 +0200
eLF2009 Antrag BioKemika	Fri, 23 Oct 2009 16:37:49 +0200
WG: eLF2009 Antrag Biokemika	Fri, 23 Oct 2009 17:08:06 +0200
Mail an die Koordinatoren	Fri, 23 Oct 2009 20:08:27 +0200
RE: eLF 2009	Fri, 23 Oct 2009 10:32:38 +0200
AW: eLF 2009	Fri, 23 Oct 2009 10:32:05 +0200
eLF 2009	Fri, 23 Oct 2009 10:12:13 +0200
Re: [Biokemika] Benutzerrechte: Klappe die ... x-te	Mon, 26 Oct 2009 04:19:40 +0100
AW: [Biokemika] Benutzerrechte: Klappe die ... x-te	Sun, 25 Oct 2009 23:45:13 +0100
Benutzerrechte: Klappe die ... x-te	Sun, 25 Oct 2009 22:55:06 +0100
BioKemika Verlosung: Buchgutscheine	Mon, 26 Oct 2009 20:39:43 +0100
Re: [Biokemika] BioKemika - Verlosung und noch ein Text im Netz XD	Thu, 29 Oct 2009 20:23:41 +0100
AW: [Biokemika] BioKemika - Verlosung und noch ein Text im Netz XD	Thu, 29 Oct 2009 20:15:16 +0100
Re: [Biokemika] BioKemika - Verlosung und noch ein Text im Netz XD	Thu, 29 Oct 2009 19:29:52 +0100
AW: [Biokemika] BioKemika - Verlosung und noch ein Text im Netz XD	Thu, 29 Oct 2009 18:11:03 +0100
Re: BioKemika - Verlosung und noch ein Text im Netz XD	Thu, 29 Oct 2009 13:45:45 +0100
BioKemika - Verlosung und noch ein Text im Netz XD	Wed, 28 Oct 2009 18:03:27 +0100
[Biokemika] Ausgaben	Thu, 29 Oct 2009 20:55:01 +0100
AW: [Biokemika] BioKe Cache	Thu, 29 Oct 2009 22:15:42 +0100
Re: BioKe Cache	Thu, 29 Oct 2009 22:05:32 +0100
BioKe Cache	Thu, 29 Oct 2009 21:28:48 +0100
Willkommen Biokemika-Koordinator!	Thu, 29 Oct 2009 22:14:04 +0100
Re: [Biokemika] BioKe Cache [UPDATE]	Thu, 29 Oct 2009 22:38:22 +0100
AW: [Biokemika] BioKe Cache [UPDATE]	Thu, 29 Oct 2009 22:34:47 +0100
BioKe Cache [UPDATE]	Thu, 29 Oct 2009 22:28:02 +0100
bioke	Fri, 30 Oct 2009 21:18:18 +0100
Re: eLF2009 Antrag Biokemika	Mon, 2 Nov 2009 00:08:59 +0100
Re: eLF2009 Antrag Biokemika	Sun, 1 Nov 2009 22:37:08 +0100
AW: eLF2009 Antrag Biokemika	Sun, 1 Nov 2009 22:17:03 +0100
RE: eLF2009 Antrag Biokemika	Sun, 1 Nov 2009 20:05:50 +0100
Re: eLF2009 Antrag Biokemika	Sun, 1 Nov 2009 19:52:45 +0100
WG: eLF2009 Antrag Biokemika	Sun, 1 Nov 2009 17:17:08 +0100
[Biokemika] Wiki-Symposium	Mon, 2 Nov 2009 14:24:59 +0100
[Biokemika] FW: Einladung der eLearning-Förderfondsprojekte zur Beteiligung am eLearning-Netzwerktag 14.12.2009	Thu, 5 Nov 2009 14:38:37 +0100
Re: Email von Ralph	Thu, 5 Nov 2009 19:41:21 +0100
Email von Ralph	Thu, 5 Nov 2009 19:34:13 +0100
koordinatoren mail	Fri, 6 Nov 2009 18:03:59 +0100
Re: bioke	Fri, 6 Nov 2009 18:38:33 +0100
bioke	Fri, 6 Nov 2009 17:32:50 +0100
WG: eLearning-Förderfonds 2009	Fri, 6 Nov 2009 16:02:43 +0100
Re: bioke statistik	Fri, 6 Nov 2009 18:36:03 +0100
bioke statistik	Fri, 6 Nov 2009 16:01:03 +0100
bioke	Sat, 7 Nov 2009 14:35:11 +0100
bioke besprechung	Sun, 8 Nov 2009 16:34:42 +0100
Re: AW: wg Koordinatoren	Mon, 9 Nov 2009 18:57:07 +0100
AW: AW: wg Koordinatoren	Mon, 9 Nov 2009 18:16:33 +0100
AW: wg Koordinatoren	Mon, 9 Nov 2009 17:20:07 +0100
Themensammlung - Präsentation am 14/12	Wed, 11 Nov 2009 08:51:48 +0100
email an Ralph	Tue, 10 Nov 2009 20:39:20 +0100
petition für freie wissenschaftliche publikationen	Wed, 11 Nov 2009 19:09:25 +0100
megadigitale in wikipedia	Thu, 12 Nov 2009 00:15:02 +0100
WG Zertifikate BioKemika	Thu, 12 Nov 2009 11:00:24 +0100
bioke artikel megadigitale	Thu, 12 Nov 2009 15:07:34 +0100
portal aktuelles	Thu, 12 Nov 2009 21:11:51 +0100
RE: AW: Treffen mit Glaubitz?	Thu, 12 Nov 2009 23:11:05 +0100
AW: Treffen mit Glaubitz?	Thu, 12 Nov 2009 20:42:35 +0100
Treffen mit Glaubitz?	Thu, 12 Nov 2009 20:17:39 +0100
Re: bioke cache	Sun, 15 Nov 2009 15:46:42 +0100
bioke cache	Fri, 13 Nov 2009 18:02:15 +0100
Re: doofe frage	Mon, 16 Nov 2009 10:52:28 +0100
doofe frage	Sun, 15 Nov 2009 23:20:07 +0100
extensions	Tue, 17 Nov 2009 11:14:56 +0100
AW: Extensions, Prof. Glaubitz, Präsentation am 14.12... Diplom... werde verrückt XD	Thu, 19 Nov 2009 21:16:06 +0100
Extensions, Prof. Glaubitz, Präsentation am 14.12... Diplom... werde verrückt XD	Thu, 19 Nov 2009 20:44:58 +0100
AW: Präsentation am 14.12	Fri, 20 Nov 2009 00:25:50 +0100
Präsentation am 14.12	Thu, 19 Nov 2009 23:35:40 +0100
RE: Glaubitz-Email	Sun, 22 Nov 2009 20:09:30 +0100
AW: Glaubitz-Email	Sun, 22 Nov 2009 19:45:36 +0100
Glaubitz-Email	Sun, 22 Nov 2009 19:33:15 +0100
Treffen am 2.12 11:00	Wed, 25 Nov 2009 18:12:16 +0100
bioke	Fri, 27 Nov 2009 15:42:33 +0100
Re: Happy Christmas	Sun, 29 Nov 2009 14:19:46 +0100
AW: Happy Christmas	Sun, 29 Nov 2009 11:29:26 +0100
Happy Christmas	Sun, 29 Nov 2009 05:47:13 +0100
top 30 of referrers - biokemika statistik	Mon, 30 Nov 2009 17:23:30 +0100
Re: Koordinatoren	Wed, 2 Dec 2009 22:01:31 +0100
Koordinatoren	Wed, 2 Dec 2009 21:53:30 +0100
BioKemika Seminare und HIWI-Kosten	Wed, 2 Dec 2009 21:51:06 +0100
AW: bitte überprüfen	Wed, 2 Dec 2009 18:56:07 +0100
Re: bitte überprüfen	Wed, 2 Dec 2009 18:46:20 +0100
bitte überprüfen	Wed, 2 Dec 2009 17:41:05 +0100
Re: Text in Biokemika löschen	Wed, 2 Dec 2009 17:25:44 +0100
RE: Text in Biokemika löschen	Wed, 2 Dec 2009 15:39:42 +0100
Text in Biokemika löschen	Wed, 2 Dec 2009 12:53:35 +0100
RE: koordinatoren-mail	Thu, 3 Dec 2009 13:21:25 +0100
Re: koordinatoren-mail	Thu, 3 Dec 2009 12:39:30 +0100
koordinatoren-mail	Thu, 3 Dec 2009 12:07:08 +0100
BioKemika: Fahrplan 2010	Thu, 3 Dec 2009 15:04:40 +0100
Re: [BioKemika] HRZ-Benutzerdatenbank	Fri, 04 Dec 2009 20:30:57 +0100
[BioKemika] HRZ-Benutzerdatenbank	Fri, 4 Dec 2009 18:37:38 +0100
Re: FW: Neuer Veranstaltungsort für den eLearning-Netzwerktag 14.12.2009 an der Goethe-Universität	Wed, 9 Dec 2009 19:28:56 +0100
FW: Neuer Veranstaltungsort für den eLearning-Netzwerktag 14.12.2009 an der Goethe-Universität	Wed, 9 Dec 2009 18:18:30 +0100
Re: Hiwi Verträge	Mon, 14 Dec 2009 17:18:35 +0100
AW: Hiwi Verträge 	Mon, 14 Dec 2009 16:47:11 +0100
Re: e então? Há um compromisso?	Tue, 15 Dec 2009 22:53:26 +0100
AW: e então? Há um compromisso?	Tue, 15 Dec 2009 22:46:56 +0100
Re: e então? Há um compromisso?	Tue, 15 Dec 2009 22:22:16 +0100
AW: e então? Há um compromisso?	Tue, 15 Dec 2009 21:51:18 +0100
e então? Há um compromisso?	Tue, 15 Dec 2009 20:54:52 +0100
Re: FW: E-Learning	Wed, 16 Dec 2009 14:51:23 +0100
FW: E-Learning	Wed, 16 Dec 2009 14:33:12 +0100
[Biokemika] (kein Betreff)	Fri, 18 Dec 2009 15:53:08 +0100
Fwd: termine	Sun, 20 Dec 2009 20:17:31 +0100
termine	Sun, 20 Dec 2009 17:02:03 +0100
BioKemika-Weihnachtsgrüße :)	Sun, 20 Dec 2009 14:00:36 +0100
montag	Sun, 20 Dec 2009 13:01:21 +0100
BioKemika-Treffen	Wed, 23 Dec 2009 11:35:16 +0100
AW: BioKemika: Fahrplan 2010	Wed, 23 Dec 2009 11:33:14 +0100
Re: BioKemika Metaserach	Fri, 1 Jan 2010 16:24:10 +0100
RE: BioKemika Metaserach	Fri, 1 Jan 2010 15:14:42 +0100
BioKemika Metaserach	Thu, 31 Dec 2009 15:43:06 +0100
Re: AW: BioKemika Metasearch Registration as BerliOS project	Tue, 5 Jan 2010 16:52:51 +0100
RE: AW: BioKemika Metasearch Registration as BerliOS project	Tue, 5 Jan 2010 08:06:08 +0100
AW: BioKemika Metasearch Registration as BerliOS project	Tue, 5 Jan 2010 00:35:07 +0100
Re: BioKemika Metasearch Registration as BerliOS project	Tue, 5 Jan 2010 00:16:26 +0100
RE: BioKemika Metasearch Registration as BerliOS project	Mon, 4 Jan 2010 23:42:43 +0100
BioKemika Metasearch Registration as BerliOS project	Mon, 4 Jan 2010 22:08:43 +0100
RE: Heyho	Tue, 12 Jan 2010 08:45:04 +0100
Heyho	Mon, 11 Jan 2010 11:29:52 +0100
AW: pussy #3	Mon, 11 Jan 2010 20:56:23 +0100
Re: pussy #3	Mon, 11 Jan 2010 20:47:22 +0100
AW: pussy #3	Mon, 11 Jan 2010 17:49:24 +0100
Re: pussy #3	Mon, 11 Jan 2010 15:53:11 +0100
AW: pussy #3	Mon, 11 Jan 2010 13:14:44 +0100
pussy #3	Mon, 11 Jan 2010 13:04:11 +0100
pussy #2	Mon, 11 Jan 2010 11:37:40 +0100
lesbian squirting pussy squirt stretch pussy pussy stretching	Mon, 11 Jan 2010 11:37:16 +0100
Erinnerungsmail: Koordinatoren-Meeting	Thu, 7 Jan 2010 17:21:33 +0100
Re: [Biokemika] BioKemika Newsletter	Sat, 16 Jan 2010 01:06:33 +0100
AW: heyho	Sat, 16 Jan 2010 01:55:33 +0100
Re: heyho	Sat, 16 Jan 2010 01:41:53 +0100
AW: heyho	Sat, 16 Jan 2010 01:28:27 +0100
heyho	Sat, 16 Jan 2010 01:13:34 +0100
BCDS Diskussionsprotokoll	Mon, 18 Jan 2010 11:35:44 +0100
Re: AW: BCDS Seminar	Mon, 18 Jan 2010 14:27:15 +0100
AW: AW: BCDS Seminar	Mon, 18 Jan 2010 12:47:33 +0100
Re: AW: BCDS Seminar	Mon, 18 Jan 2010 12:33:18 +0100
WG: AW: BCDS Seminar	Mon, 18 Jan 2010 12:31:23 +0100
Re: bioke stats	Mon, 18 Jan 2010 20:28:50 +0100
AW: bioke stats	Mon, 18 Jan 2010 18:35:58 +0100
bioke stats	Mon, 18 Jan 2010 18:15:43 +0100
AW: EX	Tue, 19 Jan 2010 12:32:50 +0100
Re: EX	Tue, 19 Jan 2010 12:28:00 +0100
Re: AW: Weihnachten bei BioKemika	Tue, 19 Jan 2010 23:07:42 +0100
AW: AW: Weihnachten bei BioKemika	Tue, 19 Jan 2010 22:40:35 +0100
RE: AW: Weihnachten bei BioKemika	Tue, 19 Jan 2010 22:35:03 +0100
AW: Weihnachten bei BioKemika	Tue, 19 Jan 2010 21:46:37 +0100
Re: Weihnachten bei BioKemika	Tue, 19 Jan 2010 21:04:44 +0100
AW: Weihnachten bei BioKemika	Tue, 19 Jan 2010 20:40:54 +0100
AW: Weihnachten bei BioKemika	Tue, 19 Jan 2010 19:59:40 +0100
RE: Weihnachten bei BioKemika	Tue, 19 Jan 2010 19:44:04 +0100
Weihnachten bei BioKemika	Tue, 19 Jan 2010 19:36:48 +0100
bioke newsletter	Wed, 20 Jan 2010 20:11:56 +0100
Re: Umfrage zur Lage der SeLF-Projekte	Wed, 20 Jan 2010 16:19:40 +0100
RE: Umfrage zur Lage der SeLF-Projekte	Wed, 20 Jan 2010 14:50:18 +0100
Re: FW: Umfrage zur Lage der SeLF-Projekte	Wed, 20 Jan 2010 14:05:42 +0100
AW: Umfrage zur Lage der SeLF-Projekte	Wed, 20 Jan 2010 13:19:14 +0100
FW: Umfrage zur Lage der SeLF-Projekte	Wed, 20 Jan 2010 13:11:54 +0100
Your new mailing list: biokemika-newsletter	Wed, 20 Jan 2010 10:30:16 +0100
Willkommen zum BioKemka-Newsletter	Thu, 21 Jan 2010 09:43:20 +0100
Willkommen zum BioKemka-Newsletter	Thu, 21 Jan 2010 09:40:40 +0100
Willkommen zum BioKemka-Newsletter	Thu, 21 Jan 2010 09:26:55 +0100
Biokemika-Newsletter Abonnierungsbenachrichtigung	Thu, 21 Jan 2010 10:11:36 +0100
Biokemika-Newsletter Abonnierungsbenachrichtigung	Thu, 21 Jan 2010 10:11:18 +0100
Biokemika-Newsletter Abonnierungsbenachrichtigung	Thu, 21 Jan 2010 09:35:34 +0100
Biokemika-Newsletter Abonnierungsbenachrichtigung	Thu, 21 Jan 2010 02:37:02 +0100
Biokemika-Newsletter Abonnierungsbenachrichtigung	Wed, 20 Jan 2010 23:21:15 +0100
Willkommen bei der "Biokemika-Newsletter" Mailingliste  	Thu, 21 Jan 2010 09:35:34 +0100
Willkommen bei der "Biokemika-Newsletter" Mailingliste  	Wed, 20 Jan 2010 23:21:15 +0100
Automatische Beantwortung Ihrer Nachricht an die Mailingliste "Biokemika-Newsletter"	Thu, 21 Jan 2010 09:26:55 +0100
Re: Ping?	Thu, 21 Jan 2010 14:47:12 +0100
AW: Ping?	Thu, 21 Jan 2010 14:41:18 +0100
Ping?	Thu, 21 Jan 2010 14:23:03 +0100
Biokemika-Newsletter Veröffentlichung von koeppel@informatik.uni-frankfurt.de erfordert Bestätigung	Wed, 20 Jan 2010 23:32:00 +0100
Re: logo mit schrift	Sun, 24 Jan 2010 20:55:03 +0100
logo mit schrift	Sun, 24 Jan 2010 19:42:51 +0100
logo	Sun, 24 Jan 2010 19:32:18 +0100
reminder	Sun, 24 Jan 2010 15:26:36 +0100
Re: idee zum logo	Sun, 24 Jan 2010 22:19:28 +0100
AW: idee zum logo	Sun, 24 Jan 2010 21:54:08 +0100
RE: idee zum logo	Sun, 24 Jan 2010 21:45:59 +0100
idee zum logo	Sun, 24 Jan 2010 21:27:14 +0100
logos: RNA und Protein	Sun, 24 Jan 2010 22:35:54 +0100
AW: logo	Mon, 25 Jan 2010 01:58:09 +0100
AW: logo	Mon, 25 Jan 2010 01:57:36 +0100
Re: logo	Mon, 25 Jan 2010 01:52:19 +0100
Re: logo	Mon, 25 Jan 2010 01:43:07 +0100
logo	Mon, 25 Jan 2010 01:26:25 +0100
[Biokemika] Netzwerktag-Präsentation	Mon, 25 Jan 2010 11:36:54 +0100
Re: Letzte Anmerkung zu Logo XD	Mon, 25 Jan 2010 12:55:37 +0100
AW: Letzte Anmerkung zu Logo XD	Mon, 25 Jan 2010 12:41:09 +0100
Letzte Anmerkung zu Logo XD	Mon, 25 Jan 2010 11:15:09 +0100
Re: vorlagen problem	Mon, 25 Jan 2010 09:12:50 +0100
vorlagen problem	Mon, 25 Jan 2010 03:07:22 +0100
AW: AW: rna logo	Mon, 25 Jan 2010 15:50:26 +0100
RE: AW: rna logo	Mon, 25 Jan 2010 15:45:51 +0100
AW: rna logo	Mon, 25 Jan 2010 15:40:10 +0100
RE: rna logo	Mon, 25 Jan 2010 15:26:02 +0100
rna logo	Mon, 25 Jan 2010 15:07:16 +0100
AW: AW: Arbeitsverträge	Mon, 25 Jan 2010 14:48:41 +0100
RE: AW: Arbeitsverträge	Mon, 25 Jan 2010 14:34:59 +0100
AW: Arbeitsverträge	Mon, 25 Jan 2010 14:27:48 +0100
Arbeitsverträge	Mon, 25 Jan 2010 13:57:43 +0100
RE:	Mon, 25 Jan 2010 18:05:51 +0100
	Mon, 25 Jan 2010 18:00:28 +0100
Diskussionsprotokoll zum 23.01.2010	Mon, 25 Jan 2010 18:13:55 +0100
	Mon, 25 Jan 2010 18:31:05 +0100
AW: entwurf 5	Mon, 25 Jan 2010 20:13:50 +0100
Re: entwurf 5	Mon, 25 Jan 2010 19:58:21 +0100
entwurf 5	Mon, 25 Jan 2010 18:46:20 +0100
wichtig xD	Mon, 25 Jan 2010 19:40:46 +0100
so - von meiner seite aus würde ich sagen: fertig	Mon, 25 Jan 2010 20:01:33 +0100
das fertige seitenlogo	Mon, 25 Jan 2010 18:51:07 +0100
projekt-portal	Mon, 25 Jan 2010 20:37:54 +0100
fehle beim hochladen	Mon, 25 Jan 2010 21:16:32 +0100
Re: umstrukturierung	Tue, 26 Jan 2010 01:07:19 +0100
umstrukturierung	Tue, 26 Jan 2010 00:30:36 +0100
Re: newsletter	Tue, 26 Jan 2010 01:50:06 +0100
newsletter	Tue, 26 Jan 2010 01:36:14 +0100
Re: wiki	Tue, 26 Jan 2010 11:46:33 +0100
wiki	Tue, 26 Jan 2010 11:39:38 +0100
neues datenbank-portal	Tue, 26 Jan 2010 23:28:55 +0100
Re: mitmachen umstrukturierung	Wed, 27 Jan 2010 03:09:12 +0100
mitmachen umstrukturierung	Wed, 27 Jan 2010 02:49:49 +0100
AW: benutzer-gruppen	Wed, 27 Jan 2010 13:26:22 +0100
RE: benutzer-gruppen	Wed, 27 Jan 2010 13:07:33 +0100
benutzer-gruppen	Wed, 27 Jan 2010 12:39:44 +0100
AW: problem mit upload	Wed, 27 Jan 2010 16:28:31 +0100
Re: problem mit upload	Wed, 27 Jan 2010 15:57:15 +0100
problem mit upload	Wed, 27 Jan 2010 12:26:28 +0100
bilder problem is back	Wed, 27 Jan 2010 17:42:21 +0100
hünsche grafik xD	Wed, 27 Jan 2010 17:39:57 +0100
Re: biokemika immer noch down :(	Wed, 27 Jan 2010 21:42:52 +0100
biokemika immer noch down :(	Wed, 27 Jan 2010 21:40:51 +0100
Re: HELP	Thu, 28 Jan 2010 00:55:41 +0100
Re: HELP	Thu, 28 Jan 2010 00:51:12 +0100
AW: HELP	Thu, 28 Jan 2010 00:26:52 +0100
Re: HELP	Thu, 28 Jan 2010 00:15:20 +0100
HELP	Thu, 28 Jan 2010 00:11:03 +0100
AW: blubb blubb blubbdiwub	Thu, 28 Jan 2010 13:21:02 +0100
Re: blubb blubb blubbdiwub	Thu, 28 Jan 2010 12:52:24 +0100
blubb blubb blubbdiwub	Thu, 28 Jan 2010 12:21:28 +0100
Re: [Biokemika] BioKemika: Softwareinstallation	Thu, 28 Jan 2010 16:16:07 +0100
AW: [Biokemika] BioKemika: Softwareinstallation	Thu, 28 Jan 2010 15:57:49 +0100
Re: BioKemika: Softwareinstallation	Thu, 28 Jan 2010 15:22:01 +0100
BioKemika: Softwareinstallation	Thu, 28 Jan 2010 02:14:45 +0100
Re: idee	Thu, 28 Jan 2010 21:20:33 +0100
idee	Thu, 28 Jan 2010 20:29:24 +0100
Re: ich mag imagemap :)	Fri, 29 Jan 2010 02:51:36 +0100
AW: ich mag imagemap :)	Fri, 29 Jan 2010 02:43:19 +0100
Re: ich mag imagemap :)	Fri, 29 Jan 2010 02:29:02 +0100
AW: ich mag imagemap :)	Fri, 29 Jan 2010 01:43:44 +0100
Re: ich mag imagemap :)	Fri, 29 Jan 2010 00:55:02 +0100
AW: ich mag imagemap :)	Fri, 29 Jan 2010 00:29:30 +0100
Re: ich mag imagemap :)	Thu, 28 Jan 2010 23:54:42 +0100
AW: ich mag imagemap :)	Thu, 28 Jan 2010 23:30:04 +0100
Re: ich mag imagemap :)	Thu, 28 Jan 2010 23:06:59 +0100
ich mag imagemap :)	Thu, 28 Jan 2010 22:55:54 +0100
Re: biokemika sache	Sat, 30 Jan 2010 19:26:02 +0100
biokemika sache	Sat, 30 Jan 2010 17:58:36 +0100
Diskussion zu BCDS am 30 Jan.	Mon, 1 Feb 2010 12:25:51 +0100
AW: umfrage auf biokemika	Tue, 2 Feb 2010 12:11:32 +0100
Re: umfrage auf biokemika	Tue, 2 Feb 2010 11:48:08 +0100
AW: umfrage auf biokemika	Tue, 2 Feb 2010 11:38:59 +0100
Re: umfrage auf biokemika	Tue, 2 Feb 2010 05:49:15 +0100
umfrage auf biokemika	Tue, 2 Feb 2010 00:18:36 +0100
Re: Email vorhanden?	Wed, 3 Feb 2010 22:59:11 +0100
Email vorhanden?	Wed, 3 Feb 2010 11:40:35 +0100
BioKemika.de-Mailadressen sind fertig	Wed, 13 May 2009 00:00:32 +0200
Re: Technik proxy.ub.uni-frankfurt.de	Wed, 3 Feb 2010 22:53:33 +0100
Re: Technik proxy.ub.uni-frankfurt.de	Wed, 03 Feb 2010 09:05:54 +0100
Technik proxy.ub.uni-frankfurt.de	Mon, 1 Feb 2010 15:28:21 +0100
BioKemika Monthly Work Report ;-)	Thu, 4 Feb 2010 00:07:22 +0100
BioKemika - Organisatorisches	Thu, 4 Feb 2010 12:00:21 +0100
AW: bioke	Thu, 4 Feb 2010 01:46:31 +0100
Re: bioke	Thu, 4 Feb 2010 01:13:57 +0100
bioke	Thu, 4 Feb 2010 01:06:14 +0100
	Thu, 4 Feb 2010 12:12:11 +0100
Protokoll Gespräch mit Herrn Knepper, Leiter elektronische Dienste der UB	Thu, 4 Feb 2010 14:04:44 +0100
Dateirechte auf biokemika.uni-frankfurt.de	Thu, 4 Feb 2010 15:53:56 +0100
bioke stats	Thu, 4 Feb 2010 15:21:06 +0100
RE: aktuell@biokemika.de	Thu, 4 Feb 2010 17:01:48 +0100
aktuell@biokemika.de	Thu, 4 Feb 2010 17:00:05 +0100
komischer fehler bei gallery	Fri, 5 Feb 2010 15:30:13 +0100
BioKemika Newsletter	Fri, 5 Feb 2010 14:41:00 +0100
Biokemika-Newsletter Abbestellungbenachrichtigung	Sat, 06 Feb 2010 18:14:43 +0100
Re: mailadressen	Sat, 6 Feb 2010 18:25:03 +0100
AW: mailadressen	Sat, 6 Feb 2010 17:46:28 +0100
Re: mailadressen	Sat, 6 Feb 2010 17:41:40 +0100
AW: mailadressen	Sat, 6 Feb 2010 17:38:28 +0100
Re: mailadressen	Sat, 6 Feb 2010 17:31:12 +0100
WG: mailadressen	Sat, 6 Feb 2010 17:16:55 +0100
confirm 1a7fcbb37ac47318b30b9583334ef3b9a60f1660	Sat, 06 Feb 2010 17:36:58 +0100
Re: newsletter	Sun, 7 Feb 2010 22:21:34 +0100
newsletter	Sun, 7 Feb 2010 22:07:24 +0100
Biokemika-Newsletter Abonnierungsbenachrichtigung	Sun, 07 Feb 2010 22:04:09 +0100
Biokemika-Newsletter Abbestellungbenachrichtigung	Sun, 07 Feb 2010 22:02:30 +0100
was haltet ihr von dieser willkommensmail??	Sun, 7 Feb 2010 23:49:25 +0100
Biokemika-Newsletter Abonnierungsbenachrichtigung	Mon, 08 Feb 2010 00:01:42 +0100
Biokemika-Newsletter Abonnierungsbenachrichtigung	Mon, 08 Feb 2010 00:01:42 +0100
Biokemika-Newsletter Abonnierungsbenachrichtigung	Mon, 08 Feb 2010 00:01:42 +0100
Biokemika-Newsletter Abonnierungsbenachrichtigung	Mon, 08 Feb 2010 00:01:42 +0100
Biokemika-Newsletter Abonnierungsbenachrichtigung	Mon, 08 Feb 2010 00:01:42 +0100
Biokemika-Newsletter Abonnierungsbenachrichtigung	Mon, 08 Feb 2010 00:01:42 +0100
Biokemika-Newsletter Abonnierungsbenachrichtigung	Mon, 08 Feb 2010 00:01:42 +0100
Biokemika-Newsletter Abonnierungsbenachrichtigung	Mon, 08 Feb 2010 00:01:42 +0100
Biokemika-Newsletter Abonnierungsbenachrichtigung	Mon, 08 Feb 2010 00:01:42 +0100
Biokemika-Newsletter Abonnierungsbenachrichtigung	Mon, 08 Feb 2010 00:01:42 +0100
Biokemika-Newsletter Abonnierungsbenachrichtigung	Mon, 08 Feb 2010 00:01:42 +0100
Biokemika-Newsletter Abonnierungsbenachrichtigung	Mon, 08 Feb 2010 00:01:42 +0100
Biokemika-Newsletter Abonnierungsbenachrichtigung	Mon, 08 Feb 2010 00:01:42 +0100
Biokemika-Newsletter Abonnierungsbenachrichtigung	Mon, 08 Feb 2010 00:01:42 +0100
Biokemika-Newsletter Abonnierungsbenachrichtigung	Mon, 08 Feb 2010 00:01:42 +0100
Biokemika-Newsletter Abonnierungsbenachrichtigung	Mon, 08 Feb 2010 00:01:42 +0100
Biokemika-Newsletter Abonnierungsbenachrichtigung	Mon, 08 Feb 2010 00:01:42 +0100
Biokemika-Newsletter Abonnierungsbenachrichtigung	Mon, 08 Feb 2010 00:01:42 +0100
Biokemika-Newsletter Abonnierungsbenachrichtigung	Mon, 08 Feb 2010 00:01:42 +0100
Biokemika-Newsletter Abonnierungsbenachrichtigung	Mon, 08 Feb 2010 00:01:41 +0100
Biokemika-Newsletter Abonnierungsbenachrichtigung	Mon, 08 Feb 2010 00:01:42 +0100
Biokemika-Newsletter Abonnierungsbenachrichtigung	Mon, 08 Feb 2010 00:01:42 +0100
Biokemika-Newsletter Abonnierungsbenachrichtigung	Mon, 08 Feb 2010 00:01:42 +0100
Biokemika-Newsletter Abonnierungsbenachrichtigung	Mon, 08 Feb 2010 00:01:42 +0100
Biokemika-Newsletter Abonnierungsbenachrichtigung	Mon, 08 Feb 2010 00:01:42 +0100
Biokemika-Newsletter Abonnierungsbenachrichtigung	Mon, 08 Feb 2010 00:01:42 +0100
Biokemika-Newsletter Abonnierungsbenachrichtigung	Mon, 08 Feb 2010 00:01:42 +0100
Biokemika-Newsletter Abonnierungsbenachrichtigung	Mon, 08 Feb 2010 00:01:42 +0100
Biokemika-Newsletter Abonnierungsbenachrichtigung	Mon, 08 Feb 2010 00:01:41 +0100
Biokemika-Newsletter Abonnierungsbenachrichtigung	Mon, 08 Feb 2010 00:01:41 +0100
Biokemika-Newsletter Abonnierungsbenachrichtigung	Mon, 08 Feb 2010 00:01:41 +0100
Biokemika-Newsletter Abonnierungsbenachrichtigung	Mon, 08 Feb 2010 00:01:41 +0100
Biokemika-Newsletter Abonnierungsbenachrichtigung	Mon, 08 Feb 2010 00:01:41 +0100
Biokemika-Newsletter Abonnierungsbenachrichtigung	Mon, 08 Feb 2010 00:01:41 +0100
Biokemika-Newsletter Abonnierungsbenachrichtigung	Mon, 08 Feb 2010 00:01:41 +0100
Biokemika-Newsletter Abonnierungsbenachrichtigung	Mon, 08 Feb 2010 00:01:41 +0100
Biokemika-Newsletter Abonnierungsbenachrichtigung	Mon, 08 Feb 2010 00:01:41 +0100
Biokemika-Newsletter Abonnierungsbenachrichtigung	Mon, 08 Feb 2010 00:01:41 +0100
Biokemika-Newsletter Abonnierungsbenachrichtigung	Mon, 08 Feb 2010 00:01:41 +0100
Biokemika-Newsletter Abonnierungsbenachrichtigung	Mon, 08 Feb 2010 00:01:41 +0100
Biokemika-Newsletter Abonnierungsbenachrichtigung	Mon, 08 Feb 2010 00:01:41 +0100
Biokemika-Newsletter Abonnierungsbenachrichtigung	Mon, 08 Feb 2010 00:01:41 +0100
Biokemika-Newsletter Abonnierungsbenachrichtigung	Mon, 08 Feb 2010 00:01:41 +0100
Biokemika-Newsletter Abonnierungsbenachrichtigung	Mon, 08 Feb 2010 00:01:41 +0100
Biokemika-Newsletter Abonnierungsbenachrichtigung	Mon, 08 Feb 2010 00:01:41 +0100
Biokemika-Newsletter Abonnierungsbenachrichtigung	Mon, 08 Feb 2010 00:01:41 +0100
Biokemika-Newsletter Abonnierungsbenachrichtigung	Mon, 08 Feb 2010 00:01:41 +0100
Biokemika-Newsletter Abonnierungsbenachrichtigung	Mon, 08 Feb 2010 00:01:41 +0100
Biokemika-Newsletter Abonnierungsbenachrichtigung	Mon, 08 Feb 2010 00:01:41 +0100
Biokemika-Newsletter Abonnierungsbenachrichtigung	Mon, 08 Feb 2010 00:01:41 +0100
Biokemika-Newsletter Abonnierungsbenachrichtigung	Mon, 08 Feb 2010 00:01:41 +0100
Biokemika-Newsletter Abonnierungsbenachrichtigung	Mon, 08 Feb 2010 00:01:41 +0100
Biokemika-Newsletter Abonnierungsbenachrichtigung	Mon, 08 Feb 2010 00:01:41 +0100
Biokemika-Newsletter Abonnierungsbenachrichtigung	Mon, 08 Feb 2010 00:01:41 +0100
Biokemika-Newsletter Abonnierungsbenachrichtigung	Mon, 08 Feb 2010 00:01:41 +0100
Biokemika-Newsletter Abonnierungsbenachrichtigung	Mon, 08 Feb 2010 00:01:41 +0100
Biokemika-Newsletter Abonnierungsbenachrichtigung	Mon, 08 Feb 2010 00:01:41 +0100
Biokemika-Newsletter Abonnierungsbenachrichtigung	Mon, 08 Feb 2010 00:01:41 +0100
Biokemika-Newsletter Abonnierungsbenachrichtigung	Mon, 08 Feb 2010 00:01:41 +0100
Biokemika-Newsletter Abonnierungsbenachrichtigung	Mon, 08 Feb 2010 00:01:41 +0100
Biokemika-Newsletter Abonnierungsbenachrichtigung	Mon, 08 Feb 2010 00:01:41 +0100
Biokemika-Newsletter Abonnierungsbenachrichtigung	Mon, 08 Feb 2010 00:01:42 +0100
Biokemika-Newsletter Abonnierungsbenachrichtigung	Mon, 08 Feb 2010 00:01:42 +0100
Biokemika-Newsletter Abonnierungsbenachrichtigung	Mon, 08 Feb 2010 00:01:42 +0100
Biokemika-Newsletter Abonnierungsbenachrichtigung	Mon, 08 Feb 2010 00:01:42 +0100
Biokemika-Newsletter Abonnierungsbenachrichtigung	Mon, 08 Feb 2010 00:01:42 +0100
Biokemika-Newsletter Abonnierungsbenachrichtigung	Mon, 08 Feb 2010 00:01:42 +0100
Biokemika-Newsletter Abonnierungsbenachrichtigung	Mon, 08 Feb 2010 00:01:42 +0100
Biokemika-Newsletter Abonnierungsbenachrichtigung	Mon, 08 Feb 2010 00:01:42 +0100
Biokemika-Newsletter Abonnierungsbenachrichtigung	Mon, 08 Feb 2010 00:01:42 +0100
Biokemika-Newsletter Abonnierungsbenachrichtigung	Mon, 08 Feb 2010 00:01:42 +0100
Biokemika-Newsletter Abonnierungsbenachrichtigung	Mon, 08 Feb 2010 00:01:42 +0100
Biokemika-Newsletter Abonnierungsbenachrichtigung	Mon, 08 Feb 2010 00:01:42 +0100
Biokemika-Newsletter Abonnierungsbenachrichtigung	Mon, 08 Feb 2010 00:01:42 +0100
Biokemika-Newsletter Abonnierungsbenachrichtigung	Mon, 08 Feb 2010 00:01:42 +0100
Biokemika-Newsletter Abonnierungsbenachrichtigung	Mon, 08 Feb 2010 00:01:42 +0100
Biokemika-Newsletter Abonnierungsbenachrichtigung	Mon, 08 Feb 2010 00:01:42 +0100
Biokemika-Newsletter Abonnierungsbenachrichtigung	Mon, 08 Feb 2010 00:01:42 +0100
Biokemika-Newsletter Abonnierungsbenachrichtigung	Mon, 08 Feb 2010 00:01:42 +0100
Biokemika-Newsletter Abonnierungsbenachrichtigung	Mon, 08 Feb 2010 00:01:42 +0100
Biokemika-Newsletter Abonnierungsbenachrichtigung	Mon, 08 Feb 2010 00:01:42 +0100
Biokemika-Newsletter Abonnierungsbenachrichtigung	Mon, 08 Feb 2010 00:01:42 +0100
Biokemika-Newsletter Abonnierungsbenachrichtigung	Mon, 08 Feb 2010 00:01:42 +0100
Biokemika-Newsletter Abonnierungsbenachrichtigung	Mon, 08 Feb 2010 00:01:42 +0100
Biokemika-Newsletter Abonnierungsbenachrichtigung	Mon, 08 Feb 2010 00:01:42 +0100
Biokemika-Newsletter Abonnierungsbenachrichtigung	Mon, 08 Feb 2010 00:01:42 +0100
Biokemika-Newsletter Abonnierungsbenachrichtigung	Mon, 08 Feb 2010 00:01:42 +0100
Biokemika-Newsletter Abonnierungsbenachrichtigung	Mon, 08 Feb 2010 00:01:42 +0100
Biokemika-Newsletter Abonnierungsbenachrichtigung	Mon, 08 Feb 2010 00:01:42 +0100
Biokemika-Newsletter Abonnierungsbenachrichtigung	Mon, 08 Feb 2010 00:01:42 +0100
Biokemika-Newsletter Abonnierungsbenachrichtigung	Mon, 08 Feb 2010 00:01:42 +0100
Biokemika-Newsletter Abonnierungsbenachrichtigung	Mon, 08 Feb 2010 00:01:41 +0100
Biokemika-Newsletter Abonnierungsbenachrichtigung	Mon, 08 Feb 2010 00:01:42 +0100
Biokemika-Newsletter Abonnierungsbenachrichtigung	Mon, 08 Feb 2010 00:01:42 +0100
Biokemika-Newsletter Abonnierungsbenachrichtigung	Mon, 08 Feb 2010 00:01:42 +0100
Biokemika-Newsletter Abonnierungsbenachrichtigung	Mon, 08 Feb 2010 00:01:41 +0100
Biokemika-Newsletter Abonnierungsbenachrichtigung	Mon, 08 Feb 2010 00:01:41 +0100
Biokemika-Newsletter Abonnierungsbenachrichtigung	Mon, 08 Feb 2010 00:01:41 +0100
Biokemika-Newsletter Abonnierungsbenachrichtigung	Mon, 08 Feb 2010 00:01:41 +0100
Biokemika-Newsletter Abonnierungsbenachrichtigung	Mon, 08 Feb 2010 00:01:41 +0100
Biokemika-Newsletter Abonnierungsbenachrichtigung	Mon, 08 Feb 2010 00:01:41 +0100
Biokemika-Newsletter Abonnierungsbenachrichtigung	Mon, 08 Feb 2010 00:01:41 +0100
Biokemika-Newsletter Abonnierungsbenachrichtigung	Mon, 08 Feb 2010 00:01:41 +0100
Biokemika-Newsletter Abonnierungsbenachrichtigung	Mon, 08 Feb 2010 00:01:41 +0100
Biokemika-Newsletter Abonnierungsbenachrichtigung	Mon, 08 Feb 2010 00:01:41 +0100
Biokemika-Newsletter Abonnierungsbenachrichtigung	Mon, 08 Feb 2010 00:01:41 +0100
Biokemika-Newsletter Abonnierungsbenachrichtigung	Mon, 08 Feb 2010 00:01:41 +0100
Biokemika-Newsletter Abonnierungsbenachrichtigung	Mon, 08 Feb 2010 00:01:41 +0100
Biokemika-Newsletter Abonnierungsbenachrichtigung	Mon, 08 Feb 2010 00:01:41 +0100
Biokemika-Newsletter Abonnierungsbenachrichtigung	Mon, 08 Feb 2010 00:01:41 +0100
Biokemika-Newsletter Abonnierungsbenachrichtigung	Mon, 08 Feb 2010 00:01:41 +0100
Biokemika-Newsletter Abonnierungsbenachrichtigung	Mon, 08 Feb 2010 00:01:41 +0100
Biokemika-Newsletter Abonnierungsbenachrichtigung	Mon, 08 Feb 2010 00:01:41 +0100
Biokemika-Newsletter Abonnierungsbenachrichtigung	Mon, 08 Feb 2010 00:01:41 +0100
Biokemika-Newsletter Abonnierungsbenachrichtigung	Mon, 08 Feb 2010 00:01:41 +0100
Biokemika-Newsletter Abonnierungsbenachrichtigung	Mon, 08 Feb 2010 00:01:41 +0100
Biokemika-Newsletter Abonnierungsbenachrichtigung	Mon, 08 Feb 2010 00:01:41 +0100
Biokemika-Newsletter Abonnierungsbenachrichtigung	Mon, 08 Feb 2010 00:01:41 +0100
Biokemika-Newsletter Abonnierungsbenachrichtigung	Mon, 08 Feb 2010 00:01:41 +0100
Biokemika-Newsletter Abonnierungsbenachrichtigung	Mon, 08 Feb 2010 00:01:41 +0100
Biokemika-Newsletter Abonnierungsbenachrichtigung	Mon, 08 Feb 2010 00:01:41 +0100
Biokemika-Newsletter Abonnierungsbenachrichtigung	Mon, 08 Feb 2010 00:01:41 +0100
Biokemika-Newsletter Abonnierungsbenachrichtigung	Mon, 08 Feb 2010 00:01:42 +0100
Biokemika-Newsletter Abonnierungsbenachrichtigung	Mon, 08 Feb 2010 00:01:42 +0100
Re: BioKemika-Newsletter	Mon, 8 Feb 2010 19:38:21 +0100
BioKemika-Newsletter	Mon, 8 Feb 2010 19:31:49 +0100
Flash Vorhaben - BluePrint der Uni	Tue, 9 Feb 2010 16:02:52 +0100
BCDS Diskussionsprotokoll	Tue, 9 Feb 2010 16:04:13 +0100
RE: BioKemika-Newsletter Version alpha	Wed, 10 Feb 2010 09:00:19 +0100
BioKemika-Newsletter Version alpha	Wed, 10 Feb 2010 01:26:37 +0100
Re: webalizer statistik seit 04.02 wieder nicht vorhanden	Thu, 11 Feb 2010 14:09:18 +0100
webalizer statistik seit 04.02 wieder nicht vorhanden	Thu, 11 Feb 2010 01:23:57 +0100
AW: zusammenfassung :)	Wed, 10 Feb 2010 23:27:23 +0100
RE: zusammenfassung :)	Wed, 10 Feb 2010 23:23:28 +0100
Re: zusammenfassung :)	Wed, 10 Feb 2010 23:05:05 +0100
zusammenfassung :)	Wed, 10 Feb 2010 22:46:40 +0100
Re: BioKemika	Thu, 11 Feb 2010 21:01:04 +0100
WG: BioKemika	Thu, 11 Feb 2010 20:50:53 +0100
WG: BioKemika	Wed, 10 Feb 2010 22:17:13 +0100
WG: Biokemika	Thu, 11 Feb 2010 21:10:50 +0100
Re: B (diesmal mit Anhang)	Sun, 14 Feb 2010 00:40:03 +0100
WG: B (diesmal mit Anhang)	Fri, 12 Feb 2010 16:58:43 +0100
RE: AW: Metasearch abschalten	Mon, 15 Feb 2010 16:51:52 +0100
AW: Metasearch abschalten	Mon, 15 Feb 2010 16:50:47 +0100
Metasearch abschalten	Mon, 15 Feb 2010 16:36:24 +0100
Re: Frage um Publikationen :S	Tue, 16 Feb 2010 00:15:25 +0100
AW: Frage um Publikationen :S	Tue, 16 Feb 2010 00:01:25 +0100
Re: Frage um Publikationen :S	Mon, 15 Feb 2010 23:30:21 +0100
Frage um Publikationen :S	Mon, 15 Feb 2010 23:12:30 +0100
[Biokemika] WG: VBIO-Newsletter 07/2010	Wed, 17 Feb 2010 14:20:03 +0100
WG: [Biokemika] WG: VBIO-Newsletter 07/2010	Wed, 17 Feb 2010 14:36:03 +0100
Re: [Biokemika] WG: VBIO-Newsletter 07/2010	Wed, 17 Feb 2010 17:06:16 +0100
Re: [Biokemika] WG: VBIO-Newsletter 07/2010	Wed, 17 Feb 2010 18:31:59 +0100
Etwas Werbung für Microsoft XD	Thu, 18 Feb 2010 09:37:21 +0100
große Aufgabe für BioKemika xD	Thu, 18 Feb 2010 16:17:17 +0100
fr. munz	Thu, 18 Feb 2010 19:43:03 +0100
Biokemika Veröffentlichung von s.monz@chemie.uni-frankfurt.de erfordert Bestätigung	Tue, 23 Mar 2010 08:52:13 +0100
1 Biokemika Moderatoranforderung(en) warten	Wed, 24 Mar 2010 08:00:10 +0100
1 Biokemika Moderatoranforderung(en) warten	Thu, 25 Mar 2010 08:00:20 +0100
1 Biokemika Moderatoranforderung(en) warten	Fri, 26 Mar 2010 08:00:25 +0100
bioke	Sat, 27 Mar 2010 16:21:57 +0100
Status Mailinglistenbestellung?	Fri, 15 Jan 2010 11:39:15 +0100
AW: Biokemika Veröffentlichung von s.monz@chemie.uni-frankfurt.de	Tue, 23 Mar 2010 13:13:21 +0100
Fwd: Biokemika Veröffentlichung von s.monz@chemie.uni-frankfurt.de	Tue, 23 Mar 2010 13:11:03 +0100
1 Biokemika Moderatoranforderung(en) warten	Sun, 28 Mar 2010 08:00:11 +0200
AW: Seminar-Anmeldung	Sun, 28 Mar 2010 17:35:46 +0200
Seminar-Anmeldung	Sun, 28 Mar 2010 16:55:14 +0200
1 Biokemika Moderatoranforderung(en) warten	Mon, 29 Mar 2010 08:00:09 +0200
1 Biokemika Moderatoranforderung(en) warten	Tue, 30 Mar 2010 08:00:09 +0200
Re: SeLF - Interesse an Beteiligung zur Ausschreibung hessischer Lehrpreis	Tue, 30 Mar 2010 16:25:14 +0200
WG: SeLF - Interesse an Beteiligung zur Ausschreibung hessischer Lehrpreis	Tue, 30 Mar 2010 12:02:56 +0200
Re: Live-NAS-Kaufberatung	Tue, 30 Mar 2010 16:34:00 +0200
AW: Live-NAS-Kaufberatung	Tue, 30 Mar 2010 11:09:09 +0200
Re: Live-NAS-Kaufberatung	Mon, 29 Mar 2010 23:50:30 +0200
Live-NAS-Kaufberatung	Mon, 29 Mar 2010 17:49:48 +0200
AW: BCDS-Anmeldung	Tue, 30 Mar 2010 22:20:09 +0200
BCDS-Anmeldung	Tue, 30 Mar 2010 21:52:37 +0200
1 Biokemika Moderatoranforderung(en) warten	Wed, 31 Mar 2010 08:00:14 +0200
1 Biokemika Moderatoranforderung(en) warten	Thu, 01 Apr 2010 08:00:24 +0200
1 Biokemika Moderatoranforderung(en) warten	Fri, 02 Apr 2010 08:00:11 +0200
[Biokemika-Newsletter] BioKemika-Newsletter	Fri, 2 Apr 2010 09:37:57 +0200
Re: newsletter blockiert	Fri, 2 Apr 2010 22:24:06 +0200
newsletter blockiert	Fri, 2 Apr 2010 09:42:52 +0200
1 Biokemika Moderatoranforderung(en) warten	Sat, 03 Apr 2010 08:00:05 +0200
Re: rss feed	Sat, 3 Apr 2010 20:20:23 +0200
rss feed	Sat, 3 Apr 2010 19:22:12 +0200
BioKemika-Statistikausgaben am Sat Apr  3 04:27:46 CEST 2010	Sat, 03 Apr 2010 04:27:47 +0200
1 Biokemika Moderatoranforderung(en) warten	Sun, 04 Apr 2010 08:00:07 +0200
BioKemika-Statistikausgaben am Sun Apr  4 04:27:41 CEST 2010	Sun, 04 Apr 2010 04:27:41 +0200
AW: BioKemika-Navigation mit Farben	Sun, 4 Apr 2010 21:36:57 +0200
Re: BioKemika-Navigation mit Farben	Sun, 4 Apr 2010 21:27:44 +0200
AW: BioKemika-Navigation mit Farben	Sun, 4 Apr 2010 21:13:42 +0200
AW: BioKemika-Navigation mit Farben	Sun, 4 Apr 2010 21:11:47 +0200
Re: BioKemika-Navigation mit Farben	Sun, 4 Apr 2010 21:05:55 +0200
AW: BioKemika-Navigation mit Farben	Sun, 4 Apr 2010 20:46:55 +0200
Re: BioKemika-Navigation mit Farben	Sun, 4 Apr 2010 20:40:46 +0200
AW: BioKemika-Navigation mit Farben	Sun, 4 Apr 2010 20:38:25 +0200
Re: BioKemika-Navigation mit Farben	Sun, 4 Apr 2010 20:33:42 +0200
AW: BioKemika-Navigation mit Farben	Sun, 4 Apr 2010 20:27:20 +0200
Re: BioKemika-Navigation mit Farben	Sun, 4 Apr 2010 20:26:15 +0200
AW: BioKemika-Navigation mit Farben	Sun, 4 Apr 2010 20:04:04 +0200
AW: BioKemika-Navigation mit Farben	Sun, 4 Apr 2010 19:57:41 +0200
BioKemika-Navigation mit Farben	Sun, 4 Apr 2010 15:30:55 +0200
1 Biokemika Moderatoranforderung(en) warten	Mon, 05 Apr 2010 08:00:07 +0200
BioKemika-Statistikausgaben am Mon Apr  5 04:27:41 CEST 2010	Mon, 05 Apr 2010 04:27:41 +0200
1 Biokemika Moderatoranforderung(en) warten	Tue, 06 Apr 2010 08:00:07 +0200
BioKemika-Statistikausgaben am Tue Apr  6 04:27:40 CEST 2010	Tue, 06 Apr 2010 04:27:40 +0200
AW: [Mailadmin] Mailman Listenserver: Admin-Passwort für "biokemika"-Mailingliste	Tue, 6 Apr 2010 14:58:09 +0200
Re: [Mailadmin] Mailman Listenserver: Admin-Passwort für "biokemika"-Mailingliste	Tue, 6 Apr 2010 14:52:32 +0200
AW: [Mailadmin] Mailman Listenserver: Admin-Passwort für "biokemika"-Mailingliste	Tue, 6 Apr 2010 14:45:54 +0200
Fwd: [Mailadmin] Mailman Listenserver: Admin-Passwort für "biokemika"-Mailingliste	Tue, 6 Apr 2010 14:41:19 +0200
Re: [Mailadmin] Mailman Listenserver: Admin-Passwort für "biokemika"-Mailingliste	Tue, 06 Apr 2010 11:07:22 +0200
Mailman Listenserver: Admin-Passwort für "biokemika"-Mailingliste	Sat, 3 Apr 2010 14:20:49 +0200
Biokemika-Newsletter Abonnierungsbenachrichtigung	Tue, 06 Apr 2010 22:39:18 +0200
[Biokemika] Pflanzenphysiologisches Praktikum im 2. SemesterBiochemie	Wed, 7 Apr 2010 22:37:11 +0200
AW: Screenshots metasearch	Thu, 8 Apr 2010 13:04:16 +0200
Re: Screenshots metasearch	Thu, 8 Apr 2010 13:01:46 +0200
AW: Screenshots metasearch	Thu, 8 Apr 2010 12:59:24 +0200
Re: Screenshots metasearch	Thu, 8 Apr 2010 12:56:58 +0200
AW: Screenshots metasearch	Thu, 8 Apr 2010 12:41:25 +0200
Re: Screenshots metasearch	Thu, 8 Apr 2010 12:37:02 +0200
Screenshots metasearch	Wed, 7 Apr 2010 19:13:35 +0200
antrag alpha version	Wed, 7 Apr 2010 20:54:17 +0200
BioKemika-Statistikausgaben am Thu Apr  8 04:27:41 CEST 2010	Thu, 08 Apr 2010 04:27:41 +0200
BioKemika-Statistikausgaben am Wed Apr  7 04:27:40 CEST 2010	Wed, 07 Apr 2010 04:27:40 +0200
AW: MetaSearch-Screenshots	Thu, 8 Apr 2010 23:23:39 +0200
Re: MetaSearch-Screenshots	Thu, 8 Apr 2010 23:20:13 +0200
AW: MetaSearch-Screenshots	Thu, 8 Apr 2010 23:05:03 +0200
MetaSearch-Screenshots	Thu, 8 Apr 2010 22:53:02 +0200
Semesterbescheinigung	Fri, 9 Apr 2010 07:54:26 +0200
Re: Andre, wo ist denn der ELF2009-Antrag?	Fri, 9 Apr 2010 18:17:41 +0200
Andre, wo ist denn der ELF2009-Antrag?	Fri, 9 Apr 2010 18:07:18 +0200
BioKemika-Statistikausgaben am Fri Apr  9 04:27:40 CEST 2010	Fri, 09 Apr 2010 04:27:41 +0200
BioKemika-Statistikausgaben am Sat Apr 10 04:27:41 CEST 2010	Sat, 10 Apr 2010 04:27:41 +0200
Re: HRZ, BioKe-Statistik	Wed, 14 Apr 2010 23:07:01 +0200
HRZ, BioKe-Statistik	Wed, 14 Apr 2010 19:17:12 +0200
BioKemika-Statistikausgaben am Wed Apr 14 04:27:43 CEST 2010	Wed, 14 Apr 2010 04:27:43 +0200
[Biokemika] Interesse an Mitarbeit (Biophysiker)	Fri, 16 Apr 2010 13:19:39 +0200
WG: [Biokemika] Interesse an Mitarbeit (Biophysiker)	Fri, 16 Apr 2010 13:42:34 +0200
WG: Antragsformular_2010-1_Biokemika_rm_v02	Fri, 16 Apr 2010 11:07:09 +0200
BioKemika-Statistikausgaben am Fri Apr 16 04:27:41 CEST 2010	Fri, 16 Apr 2010 04:27:41 +0200
Re:	Fri, 16 Apr 2010 14:55:32 +0200
	Fri, 16 Apr 2010 14:51:05 +0200
BioKemika-Statistikausgaben am Sat Apr 17 04:27:41 CEST 2010	Sat, 17 Apr 2010 04:27:41 +0200
BioKemika-Statistikausgaben am Sun Apr 18 04:27:45 CEST 2010	Sun, 18 Apr 2010 04:27:45 +0200
BioKemika-Statistikausgaben am Mon Apr 19 04:27:41 CEST 2010	Mon, 19 Apr 2010 04:27:41 +0200
AW: Epochentag	Tue, 20 Apr 2010 20:03:26 +0200
Re: Epochentag	Tue, 20 Apr 2010 19:55:08 +0200
AW: Epochentag	Tue, 20 Apr 2010 19:47:17 +0200
Re: Epochentag	Tue, 20 Apr 2010 19:40:16 +0200
AW: Epochentag	Tue, 20 Apr 2010 19:26:38 +0200
Epochentag	Tue, 20 Apr 2010 19:16:01 +0200
BioKemika Antrag Hessischer Hochschulpreis	Wed, 21 Apr 2010 11:49:12 +0200
BioKemika-Statistikausgaben am Tue Apr 20 04:27:41 CEST 2010	Tue, 20 Apr 2010 04:27:41 +0200
BioKemika-Statistikausgaben am Wed Apr 21 04:27:41 CEST 2010	Wed, 21 Apr 2010 04:27:41 +0200
Confirm your Twitter account, biokemika!	Thu, 22 Apr 2010 16:30:22 +0000
Action Required: Confirm Your Facebook Account	Thu, 22 Apr 2010 10:50:15 -0700
Re: BioKemika im Web 2.0: Twitter & Facebook	Thu, 22 Apr 2010 21:33:32 +0200
AW: BioKemika im Web 2.0: Twitter & Facebook	Thu, 22 Apr 2010 21:21:18 +0200
Re: BioKemika im Web 2.0: Twitter & Facebook	Thu, 22 Apr 2010 21:17:24 +0200
AW: BioKemika im Web 2.0: Twitter & Facebook	Thu, 22 Apr 2010 21:12:41 +0200
Re: BioKemika im Web 2.0: Twitter & Facebook	Thu, 22 Apr 2010 21:05:02 +0200
AW: BioKemika im Web 2.0: Twitter & Facebook	Thu, 22 Apr 2010 20:46:10 +0200
AW: BioKemika im Web 2.0: Twitter & Facebook	Thu, 22 Apr 2010 19:59:04 +0200
Re: BioKemika im Web 2.0: Twitter & Facebook	Thu, 22 Apr 2010 19:51:10 +0200
AW: BioKemika im Web 2.0: Twitter & Facebook	Thu, 22 Apr 2010 19:20:09 +0200
BioKemika im Web 2.0: Twitter & Facebook	Thu, 22 Apr 2010 19:04:56 +0200
bioke	Thu, 22 Apr 2010 21:38:26 +0200
AW: bioke	Thu, 22 Apr 2010 23:59:15 +0200
Re: bioke	Thu, 22 Apr 2010 23:49:45 +0200
bioke	Thu, 22 Apr 2010 23:32:03 +0200
BioKemika-Statistikausgaben am Thu Apr 22 04:27:39 CEST 2010	Thu, 22 Apr 2010 04:27:40 +0200
Campusfest + NOS auf dem Riedberg	Fri, 23 Apr 2010 16:36:01 +0200
Monitor Is Down: BioKemika(http://biokemika.uni-frankfurt.de)	Fri, 23 Apr 2010 09:26:18 -0500
BioKemika-Statistikausgaben am Fri Apr 23 04:27:42 CEST 2010	Fri, 23 Apr 2010 04:27:42 +0200
bioke	Fri, 23 Apr 2010 20:27:43 +0200
nacht	Sat, 24 Apr 2010 02:11:53 +0200
Re: Ideeeeeee!!!!	Sat, 24 Apr 2010 20:25:35 +0200
Re: Ideeeeeee!!!!	Sat, 24 Apr 2010 14:17:28 +0200
Ideeeeeee!!!!	Sat, 24 Apr 2010 12:09:01 +0200
BioKemika-Statistikausgaben am Sun Apr 25 04:27:38 CEST 2010	Sun, 25 Apr 2010 04:27:38 +0200
AW: Imke gefällt das	Sun, 25 Apr 2010 22:44:20 +0200
Imke gefällt das	Sat, 24 Apr 2010 19:33:23 +0200
Re: AW: BioKemika 2010-Prototyp	Mon, 26 Apr 2010 13:58:52 +0200
Re: BioKemika 2010-Prototyp	Mon, 26 Apr 2010 13:57:23 +0200
AW: AW: BioKemika 2010-Prototyp	Mon, 26 Apr 2010 13:49:53 +0200
Re: AW: BioKemika 2010-Prototyp	Mon, 26 Apr 2010 13:45:26 +0200
AW: AW: BioKemika 2010-Prototyp	Mon, 26 Apr 2010 13:30:42 +0200
RE: AW: BioKemika 2010-Prototyp	Mon, 26 Apr 2010 13:21:38 +0200
RE: BioKemika 2010-Prototyp	Mon, 26 Apr 2010 13:07:00 +0200
AW: BioKemika 2010-Prototyp	Mon, 26 Apr 2010 13:03:05 +0200
Re: BioKemika 2010-Prototyp	Mon, 26 Apr 2010 13:00:31 +0200
Re: BioKemika 2010-Prototyp	Mon, 26 Apr 2010 12:54:07 +0200
RE: BioKemika 2010-Prototyp	Mon, 26 Apr 2010 12:50:40 +0200
AW: BioKemika 2010-Prototyp	Mon, 26 Apr 2010 09:30:20 +0200
RE: BioKemika 2010-Prototyp	Mon, 26 Apr 2010 09:28:10 +0200
BioKemika 2010-Prototyp	Mon, 26 Apr 2010 05:36:50 +0200
Chemie-Twitter, Facebook + RSS-Icons	Mon, 26 Apr 2010 19:32:33 +0200
Re: [Biokemika] biokemika.uni-frankfurt.de VServer-Wartung	Mon, 26 Apr 2010 20:27:13 +0200
AW: [Biokemika] biokemika.uni-frankfurt.de VServer-Wartung	Mon, 26 Apr 2010 19:36:34 +0200
Re: [Biokemika] biokemika.uni-frankfurt.de VServer-Wartung	Mon, 26 Apr 2010 19:25:26 +0200
Re: [Biokemika] biokemika.uni-frankfurt.de VServer-Wartung	Mon, 26 Apr 2010 19:23:25 +0200
AW: [Biokemika] biokemika.uni-frankfurt.de VServer-Wartung	Mon, 26 Apr 2010 19:12:55 +0200
biokemika.uni-frankfurt.de VServer-Wartung	Mon, 26 Apr 2010 18:07:00 +0200
Fwd: Wöchentliche Aktualisierung für deine Facebook-Seite	Mon, 26 Apr 2010 23:44:57 +0200
Wöchentliche Aktualisierung für deine Facebook-Seite	Mon, 26 Apr 2010 14:34:07 -0700
AW: Design Request	Tue, 27 Apr 2010 08:55:30 +0200
Design Request	Tue, 27 Apr 2010 01:52:22 +0200
BioKemika-Statistiken laufen nicht am Tue Apr 27 04:27:39 CEST 2010	Tue, 27 Apr 2010 04:27:39 +0200
Re: bioke	Tue, 27 Apr 2010 11:56:06 +0200
bioke	Tue, 27 Apr 2010 10:43:52 +0200
BioKemika-Statistikausgaben am Sat Apr 24 04:27:39 CEST 2010	Sat, 24 Apr 2010 04:27:39 +0200
BioKemika-Statistikausgaben am Mon Apr 26 04:27:38 CEST 2010	Mon, 26 Apr 2010 04:27:38 +0200
Metasearch-Logo	Tue, 27 Apr 2010 20:56:48 +0200
facebook	Tue, 27 Apr 2010 23:41:34 +0200
BioKemika-Statistiken laufen nicht am Wed Apr 28 04:27:39 CEST 2010	Wed, 28 Apr 2010 04:27:39 +0200
schlafen	Wed, 28 Apr 2010 20:56:10 +0200
gute nacht	Thu, 29 Apr 2010 00:03:51 +0200
AW: MetaSearch2010-Website	Sun, 2 May 2010 17:39:29 +0200
MetaSearch2010-Website	Sun, 2 May 2010 04:39:34 +0200
AW: metasearch	Sun, 2 May 2010 19:30:06 +0200
Re: metasearch	Sun, 2 May 2010 18:41:56 +0200
metasearch	Sun, 2 May 2010 18:25:46 +0200
bioke	Sun, 2 May 2010 23:40:02 +0200
RE: [Biokemika] Spam über BioKemika	Mon, 3 May 2010 12:06:30 +0200
Re: Spam über BioKemika	Mon, 3 May 2010 11:57:27 +0200
Spam über BioKemika	Mon, 3 May 2010 10:34:25 +0200
viel besser xD	Tue, 4 May 2010 00:33:06 +0200
BioKemika-Statistiken laufen nicht am Thu Apr 29 04:27:38 CEST 2010	Thu, 29 Apr 2010 04:27:38 +0200
BioKemika-Statistiken laufen nicht am Fri Apr 30 04:27:39 CEST 2010	Fri, 30 Apr 2010 04:27:39 +0200
BioKemika-Statistiken laufen nicht am Sat May  1 04:27:40 CEST 2010	Sat, 01 May 2010 04:27:40 +0200
BioKemika-Statistiken laufen nicht am Sun May  2 04:27:39 CEST 2010	Sun, 02 May 2010 04:27:39 +0200
BioKemika-Statistiken laufen nicht am Mon May  3 04:27:38 CEST 2010	Mon, 03 May 2010 04:27:38 +0200
BioKemika-Statistiken laufen nicht am Tue May  4 04:27:39 CEST 2010	Tue, 04 May 2010 04:27:39 +0200
Andre made a Boo Boo	Tue, 4 May 2010 16:15:57 +0200
Re: SELF 2010	Tue, 4 May 2010 21:31:47 +0200
AW: SELF 2010	Tue, 4 May 2010 21:28:11 +0200
SELF 2010	Tue, 4 May 2010 21:21:17 +0200
Re: Host für BioKemika - Anfrage	Thu, 14 May 2009 10:51:51 +0200
Re: Fwd: Host für BioKemika - Anfrage	Tue, 12 May 2009 18:55:28 -0300
Re: Fwd: Host für BioKemika - Anfrage	Tue, 12 May 2009 23:34:40 +0200
Fwd: Fwd: Host für BioKemika - Anfrage	Tue, 12 May 2009 17:03:17 -0300
AW: same procedure as every day	Thu, 6 May 2010 00:02:28 +0200
AW: same procedure as every day	Wed, 5 May 2010 23:55:35 +0200
Re: same procedure as every day	Wed, 5 May 2010 23:52:53 +0200
same procedure as every day	Wed, 5 May 2010 23:44:50 +0200
BioKemika-Statistiken laufen nicht am Wed May  5 04:27:39 CEST 2010	Wed, 05 May 2010 04:27:39 +0200
Anfrage des Hamburger eLearning-Magazin: Naturwissenschaften	Thu, 06 May 2010 19:15:16 +0200
Call for BCs	Thu, 6 May 2010 20:08:55 +0200
AW: eLearning-Magazin - CALL AUSGABE #4	Thu, 6 May 2010 20:00:38 +0200
eLearning-Magazin - CALL AUSGABE #4	Thu, 6 May 2010 19:48:45 +0200
Call eLearning Naturwissenschaften - Anhang	Thu, 06 May 2010 19:53:58 +0200
BioKemika-Statistiken laufen nicht am Thu May  6 04:27:39 CEST 2010	Thu, 06 May 2010 04:27:39 +0200
RE: eLearning Magazin Hamburg	Sat, 8 May 2010 09:25:12 +0200
eLearning Magazin Hamburg	Sat, 8 May 2010 00:51:15 +0200
Re: Artikel	Sat, 8 May 2010 14:36:46 +0200
AW: Artikel	Sat, 8 May 2010 09:22:51 +0200
Re: Artikel	Sat, 8 May 2010 06:00:01 +0200
Artikel	Sat, 8 May 2010 00:53:27 +0200
[Biokemika] Anmeldung für BCka	Sun, 09 May 2010 14:17:15 +0200
Re: [Biokemika] Anmeldung für BCka	Sun, 9 May 2010 17:22:50 +0200
BioKemika-Statistiken laufen nicht am Sun May  9 04:27:38 CEST 2010	Sun, 09 May 2010 04:27:38 +0200
Re: Hi	Sun, 9 May 2010 22:56:01 +0200
AW: Hi	Sun, 9 May 2010 20:59:27 +0200
RE: AW: Hi	Sun, 9 May 2010 20:28:21 +0200
Re: Hi	Sun, 9 May 2010 19:33:36 +0200
AW: Hi	Sun, 9 May 2010 19:22:29 +0200
Re: Hi	Sun, 9 May 2010 19:15:35 +0200
Re: Hi	Sun, 9 May 2010 18:59:30 +0200
AW: Hi	Sun, 9 May 2010 17:33:10 +0200
Hi	Sun, 9 May 2010 12:53:08 +0200
Re: Hamburg-Artikel	Sun, 9 May 2010 23:02:47 +0200
RE: Hamburg-Artikel	Sun, 9 May 2010 22:25:11 +0200
Hamburg-Artikel	Sun, 9 May 2010 21:34:14 +0200
Re: Kurz wegen Aktivierung	Sun, 9 May 2010 23:03:54 +0200
AW: Kurz wegen Aktivierung	Sun, 9 May 2010 22:59:47 +0200
Re: Kurz wegen Aktivierung	Sun, 9 May 2010 22:56:54 +0200
Kurz wegen Aktivierung	Sun, 9 May 2010 22:14:52 +0200
BioKemika-Statistiken laufen nicht am Fri May  7 04:27:39 CEST 2010	Fri, 07 May 2010 04:27:39 +0200
BioKemika-Statistiken laufen nicht am Sat May  8 04:27:39 CEST 2010	Sat, 08 May 2010 04:27:39 +0200
hamburger artikel	Mon, 10 May 2010 17:11:31 +0200
Re: Heyho	Tue, 11 May 2010 01:09:51 +0200
AW: Heyho	Mon, 10 May 2010 20:37:14 +0200
Heyho	Mon, 10 May 2010 18:19:58 +0200
BioKemika-Statistiken laufen nicht am Tue May 11 04:27:40 CEST 2010	Tue, 11 May 2010 04:27:40 +0200
stephanmg folgt Dir jetzt auf Twitter!	Thu, 13 May 2010 12:08:03 +0000
BioKemika-Statistiken laufen nicht am Mon May 10 04:27:39 CEST 2010	Mon, 10 May 2010 04:27:39 +0200
BioKemika-Statistiken laufen nicht am Wed May 12 04:27:39 CEST 2010	Wed, 12 May 2010 04:27:39 +0200
BioKemika-Statistiken laufen nicht am Thu May 13 04:27:38 CEST 2010	Thu, 13 May 2010 04:27:38 +0200
Guten Morgen	Fri, 14 May 2010 04:43:59 +0200
[Biokemika] eLearning-Artikel und MetaSearch-Screenshot	Fri, 14 May 2010 21:18:43 +0200
Andres Anfragen	Mon, 17 May 2010 22:26:56 +0200
BioKemika: Cron sudo test am Sun May 16 04:27:39 CEST 2010	Sun, 16 May 2010 04:27:39 +0200
BioKemika: Cron sudo test am Mon May 17 04:27:38 CEST 2010	Mon, 17 May 2010 04:27:38 +0200
BioKemika: Cron sudo test am Tue May 18 04:27:40 CEST 2010	Tue, 18 May 2010 04:27:40 +0200
Ping	Tue, 18 May 2010 22:48:12 +0200
Mail delivery failed: returning message to sender	Tue, 18 May 2010 22:42:03 +0200
Facebook Online	Tue, 18 May 2010 22:41:41 +0200
[Biokemika] Work Meeting Protokolle	Wed, 19 May 2010 11:11:45 +0200
RE: E-Mail tot, SMS up - korrellierter Terror	Wed, 19 May 2010 10:59:23 +0200
E-Mail tot, SMS up - korrellierter Terror	Tue, 18 May 2010 22:47:31 +0200
[Biokemika] OS X, nächster Treffen und Frage an Andre bez. 29.05	Wed, 19 May 2010 14:25:45 +0200
Re: [Biokemika] OS X, nächster Treffen und Frage an Andre bez. 29.05	Wed, 19 May 2010 14:37:25 +0200
BioKemika: Cron sudo test am Thu May 20 04:27:38 CEST 2010	Thu, 20 May 2010 04:27:38 +0200
Können Telefonieren?	Thu, 20 May 2010 15:02:46 +0200
Screenshot	Thu, 20 May 2010 19:13:05 +0200
Heyho :)	Thu, 20 May 2010 18:56:22 +0200
[Biokemika] MetaSearch Screenshot - ok?	Thu, 20 May 2010 20:11:39 +0200
Re: [Biokemika] MetaSearch Screenshot - ok?	Thu, 20 May 2010 20:21:38 +0200
Re: [Biokemika] MetaSearch Screenshot - ok?	Thu, 20 May 2010 20:51:29 +0200
Re: [Biokemika] MetaSearch Screenshot - ok?	Thu, 20 May 2010 22:38:44 +0200
BioKemika: Cron sudo test am Wed May 19 04:27:38 CEST 2010	Wed, 19 May 2010 04:27:38 +0200
[Biokemika] CALL 4 - Artikel BioKemika	Fri, 21 May 2010 09:42:21 +0200
BioKemika: Cron sudo test am Fri May 21 04:27:39 CEST 2010	Fri, 21 May 2010 04:27:40 +0200
Re: [Biokemika] Konventionen	Sat, 22 May 2010 18:22:24 +0200
BioKemika: Cron sudo test am Sat May 22 04:27:38 CEST 2010	Sat, 22 May 2010 04:27:38 +0200
BioKemika: Cron sudo test am Sun May 23 04:27:40 CEST 2010	Sun, 23 May 2010 04:27:40 +0200
Treffen morgen/diese Woche	Mon, 24 May 2010 16:14:33 +0200
Hola :)	Mon, 24 May 2010 15:36:42 +0200
BioKemika: Cron sudo test am Mon May 24 04:27:38 CEST 2010	Mon, 24 May 2010 04:27:38 +0200
Re: [Biokemika] Treffen morgen/diese Woche	Mon, 24 May 2010 16:27:43 +0200
Das war so cool gerade	Mon, 24 May 2010 21:59:15 +0200
[Biokemika] Protokoll zu 25. Mai	Wed, 26 May 2010 16:15:37 +0200
Re: [Biokemika] Protokoll zu 25. Mai	Wed, 26 May 2010 18:01:53 +0200
a new child was born	Wed, 26 May 2010 23:56:34 +0200
BioKemika: Cron sudo test am Thu May 27 04:27:39 CEST 2010	Thu, 27 May 2010 04:27:39 +0200
again, a new child was born	Fri, 28 May 2010 00:02:17 +0200
[Biokemika] BioKemika-Meeting	Mon, 31 May 2010 00:53:24 +0200
Startseite FuHdB-zwei Zeilen	Tue, 1 Jun 2010 00:46:52 +0200
[Biokemika] Lizenzen	Tue, 1 Jun 2010 09:59:23 +0200
[Biokemika] sorry...	Tue, 1 Jun 2010 10:02:52 +0200
[Biokemika] Protokoll vom 31. Mai 2010	Tue, 1 Jun 2010 13:10:42 +0200
Re: [Biokemika] Protokoll vom 31. Mai 2010	Tue, 1 Jun 2010 13:30:18 +0200
[Biokemika] Protokolle Korrigiert vom 31. Mai und 25. Mai	Tue, 1 Jun 2010 15:07:37 +0200
BioKemika: Cron sudo test am Wed Jun  2 04:27:39 CEST 2010	Wed, 02 Jun 2010 04:27:39 +0200
[Biokemika] eLearning-Projekt Hilfe-Homepage	Fri, 4 Jun 2010 18:08:26 +0200
[Biokemika] WG: eLearning-Projekt Hilfe-Homepage	Fri, 4 Jun 2010 18:09:58 +0200
[Biokemika] BioKemika-Mail an Jana - bitte überprüfen und ok geben!	Sat, 5 Jun 2010 20:01:22 +0200
AW: [Biokemika] :-)	Sat, 5 Jun 2010 19:06:51 +0200
Re: [Biokemika] :-)	Sat, 5 Jun 2010 19:00:16 +0200
AW: [Biokemika] :-)	Sat, 5 Jun 2010 18:21:54 +0200
:-)	Sat, 5 Jun 2010 18:09:03 +0200
AW: [Biokemika] Studienveranstaltungsinfoboxvorlagenschwerpunktsyntax	Sat, 5 Jun 2010 22:17:00 +0200
Studienveranstaltungsinfoboxvorlagenschwerpunktsyntax	Sat, 5 Jun 2010 22:14:31 +0200
[Biokemika] tele konferenz?	Sun, 6 Jun 2010 22:52:44 +0200
[Biokemika] feedback jana-mail	Sun, 6 Jun 2010 23:21:35 +0200
Re: [Biokemika] BioKemika-Mail an Jana - bitte überprüfen und ok geben!	Sun, 6 Jun 2010 23:36:38 +0200
[Biokemika] BioKemika	Sun, 6 Jun 2010 23:58:27 +0200
Re: Awesome Man	Mon, 7 Jun 2010 01:15:40 +0200
AW: Awesome Man	Mon, 7 Jun 2010 00:18:14 +0200
Awesome Man	Sun, 6 Jun 2010 19:31:19 +0200
[Biokemika] Protokoll vom 4. Juni	Mon, 7 Jun 2010 10:53:21 +0200
Re: [Biokemika] Protokoll vom 4. Juni	Mon, 7 Jun 2010 11:41:34 +0200
Re: [Biokemika] Protokoll vom 4. Juni	Mon, 7 Jun 2010 11:49:54 +0200
Re: [Biokemika] Protokoll vom 4. Juni	Mon, 7 Jun 2010 13:42:27 +0200
Hi Sven!	Mon, 7 Jun 2010 22:47:38 +0200
Re: [Biokemika] BioKemika	Wed, 9 Jun 2010 00:07:30 +0200
[Biokemika] MetaSearch	Fri, 11 Jun 2010 20:32:02 +0200
[Biokemika] BioKemika-Meeting	Fri, 11 Jun 2010 20:41:25 +0200
Re: [Biokemika] MetaSearch	Sat, 12 Jun 2010 02:38:08 +0200
Re: [Biokemika] MetaSearch	Sat, 12 Jun 2010 02:40:21 +0200
Re: [Biokemika] MetaSearch - firefox multiple instance	Sat, 12 Jun 2010 13:05:16 +0200
Re: [Biokemika] MetaSearch - firefox multiple instance	Sat, 12 Jun 2010 13:56:02 +0200
Re: [Biokemika] MetaSearch	Sun, 13 Jun 2010 04:07:35 +0200
Re: [Biokemika] MetaSearch	Sun, 13 Jun 2010 13:13:23 +0200
Re: [Biokemika] MetaSearch	Sun, 13 Jun 2010 15:03:14 +0200
Re: [Biokemika] MetaSearch	Sun, 13 Jun 2010 15:05:54 +0200
Re: [Biokemika] MetaSearch	Sun, 13 Jun 2010 15:37:47 +0200
AW: Protein gedreht	Mon, 14 Jun 2010 19:40:30 +0200
Re: Protein gedreht	Mon, 14 Jun 2010 19:29:56 +0200
Protein gedreht	Mon, 14 Jun 2010 19:04:16 +0200
neue BCs	Mon, 14 Jun 2010 20:20:31 +0200
[Biokemika] Kommentare	Mon, 14 Jun 2010 21:41:57 +0200
Re: Müde	Tue, 15 Jun 2010 01:23:44 +0200
Müde	Mon, 14 Jun 2010 22:58:48 +0200
Re: [Biokemika] Kommentare	Tue, 15 Jun 2010 01:44:39 +0200
MetaSearch 0.02	Tue, 15 Jun 2010 05:41:38 +0200
Re: [Biokemika] MetaSearch 0.02	Tue, 15 Jun 2010 09:56:22 +0200
[Biokemika] noch ein kleines (positives) kommentar	Tue, 15 Jun 2010 10:13:14 +0200
Re: [Biokemika] MetaSearch 0.02	Tue, 15 Jun 2010 10:16:21 +0200
[Biokemika] Protokoll vom 11. Juni	Tue, 15 Jun 2010 11:12:20 +0200
[Biokemika] telekonfi	Tue, 15 Jun 2010 19:03:07 +0200
Re: [Biokemika] telekonfi	Tue, 15 Jun 2010 19:09:10 +0200
Re: [Biokemika] telekonfi	Tue, 15 Jun 2010 19:25:52 +0200
Re: [Biokemika] telekonfi	Tue, 15 Jun 2010 20:11:18 +0200
Re: [Biokemika] telekonfi	Tue, 15 Jun 2010 20:17:35 +0200
[Biokemika] Protokoll	Tue, 15 Jun 2010 23:54:31 +0200
MetaSearch 0.3	Wed, 16 Jun 2010 04:20:39 +0200
Re: [Biokemika] MetaSearch 0.3	Wed, 16 Jun 2010 08:45:23 +0200
Re: [Biokemika] MetaSearch 0.3	Wed, 16 Jun 2010 09:34:27 +0200
[Biokemika] BioKe MS	Wed, 16 Jun 2010 09:50:57 +0200
Re: [Biokemika] BioKe MS	Wed, 16 Jun 2010 12:32:17 +0200
BioKemika-Protein	Mon, 14 Jun 2010 19:02:02 +0200
RE: [Biokemika] MetaSearch 0.02	Tue, 15 Jun 2010 09:35:13 +0200
Re: [Biokemika] (kein Betreff)	Thu, 17 Jun 2010 16:56:55 +0200
Re: [Biokemika] (kein Betreff)	Thu, 17 Jun 2010 17:43:49 +0200 (CEST)
Re: [Biokemika] (kein Betreff)	Thu, 17 Jun 2010 17:51:56 +0200
Re: [Biokemika] (kein Betreff)	Thu, 17 Jun 2010 17:58:21 +0200
Re: [Biokemika] (kein Betreff)	Thu, 17 Jun 2010 18:19:04 +0200
Re: [Biokemika] (kein Betreff)	Thu, 17 Jun 2010 18:24:46 +0200
Re: [Biokemika] (kein Betreff)	Thu, 17 Jun 2010 18:31:56 +0200
Re: MS	Fri, 18 Jun 2010 01:40:36 +0200
AW: MS	Fri, 18 Jun 2010 01:28:55 +0200
Re: MS	Thu, 17 Jun 2010 23:25:50 +0200
MS	Thu, 17 Jun 2010 20:57:27 +0200
Re: Night Of Science: Softwareinstallation	Wed, 16 Jun 2010 13:11:13 +0200
Night Of Science: Softwareinstallation	Wed, 16 Jun 2010 12:26:48 +0200
[Biokemika] Confirm your Twitter contact email, biokemika	Sat, 19 Jun 2010 23:49:31 +0000
[Biokemika] Facebook Kontakt-E-Mail Bestätigung	Sat, 19 Jun 2010 16:51:44 -0700
Benachrichtigung über die Änderung der Kontakt-E-Mail auf Facebook	Sat, 19 Jun 2010 16:51:44 -0700
Twitter und Facebook-Mails	Sun, 20 Jun 2010 02:00:12 +0200
Re: [Biokemika] Dies und Das	Sun, 20 Jun 2010 13:29:12 +0200
Re: [Biokemika] Dies und Das	Sun, 20 Jun 2010 14:29:39 +0200
Re: [Biokemika] Dies und Das	Sun, 20 Jun 2010 20:17:15 +0200
Re: [Biokemika] Dies und Das	Sun, 20 Jun 2010 21:12:14 +0200
Re: [Biokemika] Neuer Name für BioKemika-eLearningkomponente	Mon, 21 Jun 2010 15:19:48 +0200
Re: [Biokemika] Neuer Name für BioKemika-eLearningkomponente	Mon, 21 Jun 2010 15:28:59 +0200
Re: [Biokemika] Neuer Name für BioKemika-eLearningkomponente	Mon, 21 Jun 2010 16:53:42 +0200
Re: [Biokemika] Neuer Name für BioKemika-eLearningkomponente	Mon, 21 Jun 2010 17:27:37 +0200
[Biokemika] Wöchentliche Aktualisierung für deine Facebook-Seite	Mon, 21 Jun 2010 11:33:03 -0700
Re: [Biokemika] kaputte Bilder	Mon, 21 Jun 2010 23:02:53 +0200
[Biokemika] Flyer	Tue, 22 Jun 2010 00:06:21 +0200
Re: [Biokemika] Flyer	Tue, 22 Jun 2010 00:19:34 +0200
Re: [Biokemika] Flyer	Tue, 22 Jun 2010 00:24:02 +0200
Re: [Biokemika] Flyer	Tue, 22 Jun 2010 00:26:04 +0200
[Biokemika] Flyer vorderseite	Tue, 22 Jun 2010 18:00:36 +0200
[Biokemika] Flyer ohne RNA	Tue, 22 Jun 2010 18:02:47 +0200
Re: [Biokemika] Flyer ohne RNA	Tue, 22 Jun 2010 18:32:47 +0200
BioKemika: Cron sudo test am Tue Jun 22 04:27:39 CEST 2010	Tue, 22 Jun 2010 04:27:39 +0200
Re: [Biokemika] MetaSearch-Bugreports	Tue, 22 Jun 2010 22:37:58 +0200
Re: [Biokemika] MetaSearch-Bugreports	Tue, 22 Jun 2010 22:40:36 +0200
Re: [Biokemika] MetaSearch-Bugreports	Tue, 22 Jun 2010 22:43:47 +0200
[Biokemika] Flyer	Tue, 22 Jun 2010 23:27:37 +0200
Re: [Biokemika] Flyer	Tue, 22 Jun 2010 23:36:29 +0200
Re: [Biokemika] Flyer	Wed, 23 Jun 2010 00:03:07 +0200
Re: [Biokemika] Flyer	Wed, 23 Jun 2010 00:12:04 +0200
Re: [Biokemika] Flyer	Wed, 23 Jun 2010 00:18:47 +0200
Re: [Biokemika] Flyer	Wed, 23 Jun 2010 00:24:03 +0200
Re: [Biokemika] Flyer	Wed, 23 Jun 2010 00:27:58 +0200
[Biokemika] BioKemika	Wed, 23 Jun 2010 14:22:09 +0200
[Biokemika] Flyer	Wed, 23 Jun 2010 23:08:16 +0200
Re: [Biokemika] Flyer	Thu, 24 Jun 2010 00:13:50 +0200
[Biokemika] Protokoll vom 25. Juni 2010	Fri, 25 Jun 2010 20:32:16 +0200
Re: [Biokemika] Protokoll vom 25. Juni 2010	Fri, 25 Jun 2010 22:53:29 +0200
BioKemika: Cron sudo test am Fri Jun 25 04:27:39 CEST 2010	Fri, 25 Jun 2010 04:27:39 +0200
Re: [Biokemika] Protokoll vom 25. Juni 2010	Sat, 26 Jun 2010 14:33:10 +0200
Re: [Biokemika] Protokoll vom 25. Juni 2010	Sat, 26 Jun 2010 14:39:28 +0200
Re: [Biokemika] Protokoll vom 25. Juni 2010	Sat, 26 Jun 2010 14:59:14 +0200
Re: [Biokemika] Protokoll vom 25. Juni 2010	Sat, 26 Jun 2010 15:07:09 +0200
[Biokemika] Flyer - latest version	Sat, 26 Jun 2010 15:49:45 +0200
Re: [Biokemika] Flyer - latest version	Sat, 26 Jun 2010 16:08:45 +0200
Neues BioKe-Logo	Sat, 26 Jun 2010 19:57:53 +0200
Re: [Biokemika] Sitenotice, terminliches	Sun, 27 Jun 2010 15:35:20 +0200
Re: [Biokemika] Sitenotice, terminliches	Sun, 27 Jun 2010 21:59:26 +0200
Re: [Biokemika] Sitenotice, terminliches	Sun, 27 Jun 2010 22:50:30 +0200
Re: [Biokemika] Sitenotice, terminliches	Sun, 27 Jun 2010 23:10:22 +0200
Re: [Biokemika] Sitenotice, terminliches	Sun, 27 Jun 2010 23:36:20 +0200
Re: Night Of Science: Softwareinstallation	Mon, 28 Jun 2010 00:06:50 +0200
[Biokemika] Metasearch Artikel für Newsletter	Mon, 28 Jun 2010 00:07:36 +0200
FYI: MetaSearch great move	Mon, 28 Jun 2010 00:09:12 +0200
Re: [Biokemika] Metasearch Artikel für Newsletter	Mon, 28 Jun 2010 09:35:45 +0200
Fwd: Night Of Science: Softwareinstallation	Mon, 28 Jun 2010 12:00:22 +0200
Re: Night Of Science: Softwareinstallation	Mon, 28 Jun 2010 17:09:03 +0200
Re: kurios	Mon, 28 Jun 2010 18:40:57 +0200
kurios	Mon, 28 Jun 2010 18:38:18 +0200
Re: [Biokemika] kurios	Mon, 28 Jun 2010 23:07:49 +0200
Re: [Biokemika] kurios	Mon, 28 Jun 2010 23:56:56 +0200
[Biokemika] Newsletter	Mon, 28 Jun 2010 23:59:23 +0200
Re: [Biokemika] Newsletter	Tue, 29 Jun 2010 12:34:30 +0200
AW: Aufzeichnung vom Campusfest	Wed, 30 Jun 2010 15:29:49 +0200
online-Version unseres Vortrags kein Ton?	Thu, 1 Jul 2010 09:29:07 +0200
AW: online-Version unseres Vortrags kein Ton? - doch :)	Thu, 1 Jul 2010 09:38:34 +0200
RE: online-Version unseres Vortrags kein Ton? - doch :)	Thu, 1 Jul 2010 09:32:19 +0200
[Biokemika] Hamburger eL Magazin	Thu, 1 Jul 2010 23:58:53 +0200
[Biokemika] Patrick Abrar folgt Dir jetzt auf Twitter!	Fri, 2 Jul 2010 12:10:33 +0000
Re: huhu	Sun, 4 Jul 2010 00:17:44 +0200
huhu	Sat, 3 Jul 2010 22:47:50 +0200
[Biokemika] Mailingliste	Sun, 4 Jul 2010 16:22:35 +0200
ms	Sun, 4 Jul 2010 16:04:53 +0200
Statistiken, Sitenotice, Metasearch	Sun, 4 Jul 2010 19:07:14 +0200
Re: [Biokemika] Statistiken, Sitenotice, Metasearch	Sun, 4 Jul 2010 21:30:12 +0200
Re: [Biokemika] Statistiken, Sitenotice, Metasearch	Sun, 4 Jul 2010 22:15:42 +0200
Cron <cgibioke@biokemika> /srv/logs/bin/loganalyse.sh	Sun, 4 Jul 2010 15:02:01 +0200
Cron <cgibioke@biokemika> /srv/logs/bin/loganalyse.sh	Sun, 4 Jul 2010 13:55:01 +0200
Re: [Biokemika] Statistiken, Sitenotice, Metasearch	Sun, 4 Jul 2010 23:41:41 +0200
[Biokemika] FW: Biokemika	Mon, 5 Jul 2010 11:26:39 +0200
Cron <cgibioke@biokemika> /srv/logs/bin/loganalyse.sh	Mon, 5 Jul 2010 03:42:02 +0200
[Biokemika] Work Meeting Protokoll 02. Juli 2010	Mon, 5 Jul 2010 16:56:54 +0200
Re: [Biokemika] Work Meeting Protokoll 02. Juli 2010	Mon, 5 Jul 2010 17:39:38 +0200
Re: [Biokemika] FW: Biokemika	Mon, 5 Jul 2010 17:43:26 +0200
Re: [Biokemika] Work Meeting Protokoll 02. Juli 2010	Mon, 5 Jul 2010 19:19:04 +0200
[Biokemika] Wöchentliche Aktualisierung für deine Facebook-Seite	Mon, 5 Jul 2010 10:52:23 -0700
Re: [Biokemika] Work Meeting Protokoll 02. Juli 2010	Mon, 5 Jul 2010 19:55:55 +0200
Re: [Biokemika] Work Meeting Protokoll 02. Juli 2010	Mon, 5 Jul 2010 19:59:06 +0200
Re: [Biokemika] Work Meeting Protokoll 02. Juli 2010	Mon, 5 Jul 2010 20:03:50 +0200
Re: [Biokemika] Work Meeting Protokoll 02. Juli 2010	Mon, 5 Jul 2010 20:07:15 +0200
Re: [Biokemika] FW: Biokemika	Tue, 6 Jul 2010 09:30:48 +0200
Re: [Biokemika] ogg Datei von Sven	Tue, 6 Jul 2010 09:42:35 +0200
[Biokemika] FW: Biokemika	Tue, 6 Jul 2010 09:48:02 +0200
[Biokemika] Protokoll 02. Juli Korrigiert	Tue, 6 Jul 2010 10:04:37 +0200
Re: [Biokemika] ogg Datei von Sven	Tue, 6 Jul 2010 12:07:07 +0200
Re: [Biokemika] ogg Datei von Sven	Tue, 6 Jul 2010 15:24:03 +0200
[Biokemika] Video Portraits - Interview	Tue, 6 Jul 2010 17:36:55 +0200
[Biokemika] BioKemika Mitarbeiterin :)	Tue, 6 Jul 2010 17:45:53 +0200
Re: [Biokemika] Video Portraits - Interview	Tue, 6 Jul 2010 17:47:41 +0200
Re: [Biokemika] Video Portraits - Interview	Tue, 6 Jul 2010 17:57:24 +0200
[Biokemika] Stativ	Tue, 6 Jul 2010 18:22:28 +0200
Re: [Biokemika] Stativ	Tue, 6 Jul 2010 19:02:11 +0200
[Biokemika] name für metasearch	Tue, 06 Jul 2010 22:47:40 +0200
Re: [Biokemika] name für metasearch	Wed, 7 Jul 2010 00:29:12 +0200
Re: [Biokemika] name für metasearch	Wed, 7 Jul 2010 09:40:24 +0200
Re: [Biokemika] name für metasearch	Wed, 07 Jul 2010 14:19:52 +0200
[Biokemika] Kostenvoranschlag für 2011	Wed, 7 Jul 2010 14:41:06 +0200
Re: [Biokemika] Kostenvoranschlag für 2011	Wed, 7 Jul 2010 18:38:01 +0200
Re: [Biokemika] Kostenvoranschlag für 2011	Wed, 7 Jul 2010 19:36:43 +0200
[Biokemika] Kostenvoranschlag 2011, Name Metasearch, Flyer,Ersti-Brief, Newsletter	Wed, 7 Jul 2010 19:51:15 +0200
Re: [Biokemika] name für metasearch	Wed, 7 Jul 2010 23:55:49 +0200
Re: [Biokemika] Kostenvoranschlag 2011, Name Metasearch, Flyer, Ersti-Brief, Newsletter	Thu, 8 Jul 2010 09:46:05 +0200
Re: [Biokemika] Kostenvoranschlag 2011, Name Metasearch, Flyer,Ersti-Brief, Newsletter	Thu, 8 Jul 2010 10:00:28 +0200
[Biokemika] Vierte Ausgabe des Hamburger eLearning-Magazins istonline - Dank an die Autorinnen und Autoren!	Thu, 8 Jul 2010 11:01:54 +0200
Re: [Biokemika] Kostenvoranschlag 2011, Name Metasearch, Flyer, Ersti-Brief, Newsletter	Thu, 8 Jul 2010 13:52:30 +0200
Re: [Biokemika] Fwd: Mail delivery failed: returning message tosender	Thu, 8 Jul 2010 17:37:39 +0200
Re: [Biokemika] Fwd: Mail delivery failed: returning message to sender	Thu, 8 Jul 2010 17:50:38 +0200
Re: [Biokemika] Fwd: Mail delivery failed: returning messagetosender	Thu, 8 Jul 2010 17:56:32 +0200
[Biokemika] Newsletter 2 - erste Version	Thu, 8 Jul 2010 22:52:12 +0200
Re: [Biokemika] Newsletter 2 - erste Version	Thu, 8 Jul 2010 23:30:30 +0200
Re: [Biokemika] Newsletter 2 - erste Version	Thu, 8 Jul 2010 23:31:01 +0200
Re: [Biokemika] Newsletter 2 - erste Version	Fri, 9 Jul 2010 12:01:25 +0200
[Biokemika] Newsletter 2 - die zweite	Sat, 10 Jul 2010 23:33:12 +0200
[Biokemika] Newsletter 2 - mit Datei	Sat, 10 Jul 2010 23:33:52 +0200
[Biokemika] Studentenprojekt www.Gratis-App.com	Sun, 11 Jul 2010 00:46:46 +0200
Re: [Biokemika] Studentenprojekt www.Gratis-App.com	Sun, 11 Jul 2010 11:15:40 +0200
Re: [Biokemika] Studentenprojekt www.Gratis-App.com	Sun, 11 Jul 2010 17:07:26 +0200
[Biokemika] Wöchentliche Aktualisierung für deine Facebook-Seite	Mon, 12 Jul 2010 09:55:00 -0700
[Biokemika] Newsletter 2 - final	Mon, 12 Jul 2010 21:33:55 +0200
Re: [Biokemika] Newsletter 2 - final	Mon, 12 Jul 2010 21:56:03 +0200
[Biokemika] Notfall :(	Mon, 12 Jul 2010 22:23:38 +0200
[Biokemika] Mit Anhang... sorry Newsletter 2	Mon, 12 Jul 2010 22:44:29 +0200
Re: [Biokemika] Mit Anhang... sorry Newsletter 2	Mon, 12 Jul 2010 23:05:10 +0200
Re: [Biokemika] Newsletter 2 - final	Tue, 13 Jul 2010 09:06:15 +0200
Re: [Biokemika] Mit Anhang... sorry Newsletter 2	Tue, 13 Jul 2010 09:11:20 +0200
Re: [Biokemika] Notfall :(	Tue, 13 Jul 2010 09:24:27 +0200
[BELANGLOSES] Hi	Tue, 13 Jul 2010 09:31:32 +0200
Re: [Biokemika] Notfall :(	Tue, 13 Jul 2010 18:10:46 +0200
Re: [Biokemika] Notfall :(	Tue, 13 Jul 2010 18:17:23 +0200
Re: [Biokemika] Mit Anhang... sorry Newsletter 2	Tue, 13 Jul 2010 18:50:48 +0200
Re: [Biokemika] Mit Anhang... sorry Newsletter 2	Tue, 13 Jul 2010 22:48:52 +0200
Re: [Biokemika] Mit Anhang... sorry Newsletter 2	Tue, 13 Jul 2010 23:02:37 +0200
Re: [Biokemika] Mit Anhang... sorry Newsletter 2	Tue, 13 Jul 2010 23:57:08 +0200
[Biokemika] Newsletter 2 komprimiert	Wed, 14 Jul 2010 00:06:11 +0200
Re: [Biokemika] Mit Anhang... sorry Newsletter 2	Wed, 14 Jul 2010 00:23:10 +0200
[Biokemika] Statistiken	Wed, 14 Jul 2010 00:44:09 +0200
Re: [Biokemika] Mit Anhang... sorry Newsletter 2	Wed, 14 Jul 2010 00:51:16 +0200
Re: [Biokemika] Mit Anhang... sorry Newsletter 2	Wed, 14 Jul 2010 01:43:16 +0200
Re: [Biokemika] Mit Anhang... sorry Newsletter 2	Wed, 14 Jul 2010 01:45:36 +0200
Re: [Biokemika] Newsletter 2 komprimiert	Wed, 14 Jul 2010 10:25:42 +0200
Re: [Biokemika] Newsletter 2 komprimiert	Wed, 14 Jul 2010 12:44:51 +0200
Re: [Biokemika] Statistiken	Wed, 14 Jul 2010 12:57:45 +0200
Cron <cgibioke@biokemika> /srv/logs/bin/loganalyse.sh	Wed, 14 Jul 2010 03:42:02 +0200
[Biokemika] WG: Förderverein Biochemie e.V.	Wed, 14 Jul 2010 13:37:10 +0200
Re: [Biokemika] WG: Förderverein Biochemie e.V.	Wed, 14 Jul 2010 13:52:29 +0200
[Biokemika] Kurz über ein Artikel drüber schauen	Wed, 14 Jul 2010 14:04:20 +0200
Re: [Biokemika] Kurz über ein Artikel drüber schauen	Wed, 14 Jul 2010 14:43:29 +0200
Re: [Biokemika] Kann keine Newsletter schicken...	Thu, 15 Jul 2010 09:55:18 +0200
[Biokemika] Kamera morgen	Thu, 15 Jul 2010 15:40:12 +0200
Re: [Biokemika] Kann keine Newsletter schicken...	Thu, 15 Jul 2010 16:55:33 +0200
Re: [Biokemika] Kann keine Newsletter schicken...	Thu, 15 Jul 2010 16:55:45 +0200
Re: [Biokemika] Kamera morgen	Thu, 15 Jul 2010 16:56:52 +0200
Re: [Biokemika] Kann keine Newsletter schicken...	Thu, 15 Jul 2010 17:05:42 +0200
Re: [Biokemika] Kamera morgen	Thu, 15 Jul 2010 17:05:45 +0200
Re: [Biokemika] Kann keine Newsletter schicken...	Thu, 15 Jul 2010 18:34:32 +0200
[Biokemika] FW: BioKemika Newsletter 2	Thu, 15 Jul 2010 18:54:51 +0200
Re: [Biokemika] Treffen morgen	Thu, 15 Jul 2010 18:57:54 +0200
Re: [Biokemika] Treffen morgen	Thu, 15 Jul 2010 20:58:26 +0200
Re: [Biokemika] FW: BioKemika Newsletter 2	Thu, 15 Jul 2010 21:10:16 +0200
Re: [Biokemika] FW: BioKemika Newsletter 2	Thu, 15 Jul 2010 21:17:48 +0200
Biokemika-Newsletter Veröffentlichung von uegydadada@hotmail.com erfordert Bestätigung	Thu, 15 Jul 2010 22:55:05 +0200
Fwd: [Biokemika-Newsletter] BioKemika Newsletter 2	Thu, 15 Jul 2010 23:38:12 +0200
[Biokemika-Newsletter] BioKemika Newsletter 2	Thu, 15 Jul 2010 22:54:42 +0200
Fwd: Out-of-office message	Thu, 15 Jul 2010 23:41:48 +0200
Out-of-office message	Thu, 15 Jul 2010 23:38:13 +0200
[Biokemika] @Sven: kurzer Kommentar zu deinem Kommentar :)	Fri, 16 Jul 2010 19:41:20 +0200
Re: [Biokemika] @Sven: kurzer Kommentar zu deinem Kommentar :)	Fri, 16 Jul 2010 21:09:25 +0200
Just found...	Sat, 17 Jul 2010 16:34:20 +0200
[Biokemika] Marc Zimmermann folgt Dir jetzt auf Twitter!	Mon, 19 Jul 2010 13:30:04 +0000
[Biokemika] Wöchentliche Aktualisierung für deine Facebook-Seite	Mon, 19 Jul 2010 11:38:17 -0700
Re: [Biokemika] Marc Zimmermann folgt Dir jetzt auf Twitter!	Mon, 19 Jul 2010 21:31:05 +0200 (CEST)
[Biokemika] BioPhysika	Thu, 22 Jul 2010 16:10:34 +0200
Re: [Biokemika] BioPhysika	Thu, 22 Jul 2010 16:26:15 +0200
Re: [Biokemika] BioPhysika	Thu, 22 Jul 2010 17:11:31 +0200
Re: [Biokemika] BioPhysika	Thu, 22 Jul 2010 17:54:06 +0200
Re: [Biokemika] BioPhysika	Thu, 22 Jul 2010 21:12:49 +0200
[Biokemika] Treffen morgen	Thu, 22 Jul 2010 22:25:02 +0200
Re: [Biokemika] Treffen morgen	Thu, 22 Jul 2010 23:18:48 +0200
Re: [Biokemika] Treffen morgen	Fri, 23 Jul 2010 01:14:53 +0200
Re: [Biokemika] BioPhysika	Fri, 23 Jul 2010 01:23:24 +0200
Re: [Biokemika] Treffen morgen	Fri, 23 Jul 2010 02:29:49 +0200
[Biokemika] BioKemika Artikel	Fri, 23 Jul 2010 11:10:01 +0200
[Biokemika] Biophysika Seminarthemen	Sat, 24 Jul 2010 00:42:28 +0200
Re: [Biokemika] Biophysika Seminarthemen	Sat, 24 Jul 2010 01:19:27 +0200 (CEST)
[Biokemika] Infoflyer Erstis	Sat, 24 Jul 2010 15:21:50 +0200
Re: [Biokemika] Infoflyer Erstis	Sat, 24 Jul 2010 16:14:42 +0200
Re: [Biokemika] Infoflyer Erstis	Sat, 24 Jul 2010 16:15:32 +0200
Re: [Biokemika] Infoflyer Erstis	Sat, 24 Jul 2010 16:16:13 +0200
Re: [Biokemika] Biophysika Seminarthemen	Sat, 24 Jul 2010 21:35:58 +0200
Re: [Biokemika] Biophysika Seminarthemen	Sat, 24 Jul 2010 21:39:19 +0200
Re: [Biokemika] Infoflyer Erstis	Sun, 25 Jul 2010 10:42:47 +0200
[Biokemika] mp4 wiederherstellen	Sun, 25 Jul 2010 21:46:56 +0200
Re: [Biokemika] mp4 wiederherstellen	Sun, 25 Jul 2010 21:53:45 +0200
Re: [Biokemika] mp4 wiederherstellen	Sun, 25 Jul 2010 22:09:00 +0200
Re: [Biokemika] mp4 wiederherstellen	Sun, 25 Jul 2010 22:58:27 +0200
Re: [Biokemika] mp4 wiederherstellen	Mon, 26 Jul 2010 07:42:19 +0200
[Biokemika] Protokoll 23. Juli	Mon, 26 Jul 2010 15:45:46 +0200
Re: [Biokemika] Protokoll 23. Juli	Mon, 26 Jul 2010 20:06:35 +0200
[Biokemika] Copyright Violation	Mon, 26 Jul 2010 21:26:33 +0200 (CEST)
Re: [Biokemika] Copyright Violation	Mon, 26 Jul 2010 21:32:56 +0200
[Biokemika] Für Sven	Tue, 27 Jul 2010 14:12:29 +0200
Re: [Biokemika] Für Sven	Tue, 27 Jul 2010 14:47:37 +0200
Re: [Biokemika] Copyright Violation	Tue, 27 Jul 2010 14:51:58 +0200
Re: [Biokemika] Für Sven	Tue, 27 Jul 2010 15:21:17 +0200
Re: BioKemika:Dateiüberprüfung	Tue, 27 Jul 2010 15:41:35 +0200
WG: BioKemika:Dateiüberprüfung	Tue, 27 Jul 2010 15:33:25 +0200
Re: [Biokemika] Für Sven	Tue, 27 Jul 2010 15:44:03 +0200
[Biokemika] Protokoll vom 23. Juli - Korrigiert	Tue, 27 Jul 2010 17:37:55 +0200
Re: [Biokemika] Protokoll vom 23. Juli - Korrigiert	Tue, 27 Jul 2010 22:32:06 +0200
Re: Daten	Thu, 29 Jul 2010 22:36:11 +0200
RE: Daten	Thu, 29 Jul 2010 22:23:44 +0200
Daten	Thu, 29 Jul 2010 21:45:28 +0200
Treffen morgen	Fri, 30 Jul 2010 00:06:16 +0200
Hi - treffen morgen nach 15h?	Wed, 28 Jul 2010 21:58:27 +0200
Danke! Gute Arbeit.	Fri, 30 Jul 2010 10:29:45 +0200
Cron <cgibioke@biokemika> /srv/logs/bin/loganalyse.sh	Fri, 30 Jul 2010 03:42:01 +0200
Re: [Biokemika] Danke! Gute Arbeit.	Fri, 30 Jul 2010 10:40:39 +0200
Re: [Biokemika] Danke! Gute Arbeit.	Fri, 30 Jul 2010 10:51:56 +0200
Re: [Biokemika] Danke! Gute Arbeit.	Fri, 30 Jul 2010 11:24:38 +0200
Re: [Biokemika] Danke! Gute Arbeit.	Fri, 30 Jul 2010 12:05:54 +0200
[Biokemika] Protokoll 30. Juni 2010	Fri, 30 Jul 2010 14:46:56 +0200
Re: [Biokemika] Protokoll 30. Juni 2010	Fri, 30 Jul 2010 15:06:17 +0200
Re: [Biokemika] Protokoll 30. Juni 2010	Fri, 30 Jul 2010 16:10:16 +0200
Re: [Biokemika] Protokoll 30. Juni 2010	Fri, 30 Jul 2010 16:14:30 +0200
Re: [Biokemika] Protokoll 30. Juni 2010	Fri, 30 Jul 2010 16:45:53 +0200
[Biokemika] Molekül des Monats auf Startseite :)	Fri, 30 Jul 2010 17:21:00 +0200
Re: [Biokemika] Molekül des Monats auf Startseite :)	Fri, 30 Jul 2010 17:36:59 +0200
Re: [Biokemika] Molekül des Monats auf Startseite :)	Fri, 30 Jul 2010 17:47:47 +0200
Re: Voller Einsatz für BioKemika?	Fri, 30 Jul 2010 18:36:33 +0200
RE: Voller Einsatz für BioKemika?	Fri, 30 Jul 2010 17:39:15 +0200
Re: Voller Einsatz für BioKemika?	Fri, 30 Jul 2010 17:23:03 +0200
Voller Einsatz für BioKemika?	Fri, 30 Jul 2010 17:01:26 +0200
Re: [Biokemika] Molekül des Monats auf Startseite :)	Fri, 30 Jul 2010 18:54:20 +0200
Re: [Biokemika] Molekül des Monats auf Startseite :)	Fri, 30 Jul 2010 18:56:25 +0200
Re: [Biokemika] Molekül des Monats auf Startseite :)	Fri, 30 Jul 2010 19:01:01 +0200
Re: [Biokemika] Molekül des Monats auf Startseite :)	Fri, 30 Jul 2010 19:19:58 +0200
[Biokemika] Wöchentliche Aktualisierung für deine Facebook-Seite	Mon, 2 Aug 2010 13:33:48 -0700
[Biokemika] Marco Kokic möchte mit dir auf Facebook befreundet sein.	Wed, 4 Aug 2010 04:36:13 -0700
Hi	Wed, 4 Aug 2010 13:23:23 +0200
[Biokemika] Wöchentliche Aktualisierung für deine Facebook-Seite	Mon, 9 Aug 2010 13:32:25 -0700
RE: HiWi Verträge	Wed, 11 Aug 2010 10:53:19 +0200
BioKemika Dateirechte, Klappe die Letzte	Wed, 11 Aug 2010 17:51:12 +0200
Kündigung	Wed, 11 Aug 2010 12:19:05 +0200
Denk mal drüber nach...	Wed, 11 Aug 2010 18:02:36 +0200
Entkopplungsprozesse	Wed, 11 Aug 2010 18:41:43 +0200
Kein Treffen morgen	Thu, 12 Aug 2010 19:58:16 +0200
Treffen Biokemika mit Prof. Glaubitz	Fri, 13 Aug 2010 09:07:31 +0200
[Biokemika] videoscripte	Sun, 15 Aug 2010 19:29:23 +0200
Re: [Biokemika] videoscripte	Sun, 15 Aug 2010 20:21:54 +0200
Re: [Biokemika] videoscripte	Sun, 15 Aug 2010 23:00:07 +0200
Re: [Biokemika] interviewscripte	Mon, 16 Aug 2010 03:19:06 +0200
Re: [Biokemika] scripte anhang vergessen	Mon, 16 Aug 2010 03:20:35 +0200
[Biokemika] Skript und Stichpunkte	Mon, 16 Aug 2010 09:55:26 +0200
[Biokemika] Skripte - Idee	Mon, 16 Aug 2010 10:09:56 +0200
Re: [Biokemika] Skripte - Idee	Mon, 16 Aug 2010 10:51:21 +0200
Re: [Biokemika] Skripte - Idee	Mon, 16 Aug 2010 12:45:25 +0200
[Biokemika] Wöchentliche Aktualisierung für deine Facebook-Seite	Mon, 16 Aug 2010 11:30:25 -0700
Re: [Biokemika] Finanzierung	Tue, 17 Aug 2010 02:01:09 +0200
Re: [Biokemika] Sigma Aldrich	Thu, 19 Aug 2010 17:53:20 +0200
Re: [Biokemika] Sigma Aldrich	Thu, 19 Aug 2010 18:54:43 +0200
Re: [Biokemika] Sigma Aldrich	Thu, 19 Aug 2010 19:13:39 +0200
Re: [Biokemika] Sigma Aldrich	Thu, 19 Aug 2010 19:49:25 +0200
[Biokemika]  Finanzierung Fwd: WG: Informelle Anfrage	Fri, 20 Aug 2010 17:20:46 +0200
[Biokemika] [BioKemika] Programmierer	Fri, 20 Aug 2010 17:27:47 +0200
Re: [Biokemika] Finanzierung Fwd: WG: Informelle Anfrage	Sat, 21 Aug 2010 10:35:39 +0200
Re: [Biokemika] [BioKemika] Programmierer	Sat, 21 Aug 2010 10:41:39 +0200
Re: [Biokemika] Finanzierung und Roger	Sat, 21 Aug 2010 14:21:39 +0200
[Biokemika] Wöchentliche Aktualisierung für deine Facebook-Seite	Mon, 23 Aug 2010 12:52:08 -0700
Fehlzeiten bei der Beschäftigung Uni Frankfurt	Thu, 19 Aug 2010 10:40:06 +0200
Delivery Status Notification (Failure)	Wed, 25 Aug 2010 02:29:01 +0000
test	Wed, 25 Aug 2010 04:28:59 +0200
Mailserver	Wed, 25 Aug 2010 03:32:33 +0200
Re: Handy	Mon, 3 May 2010 23:38:43 +0200
Re: Handy	Mon, 3 May 2010 14:30:25 -0700
Kündigung - Zeugnis	Wed, 1 Sep 2010 11:51:28 +0200
Mailing listen	Thu, 26 Aug 2010 13:31:41 +0200
Termin	Wed, 8 Sep 2010 22:55:52 +0200
Termin Biokemika	Mon, 13 Sep 2010 15:01:37 +0200
BioKemika-Projekt	Wed, 22 Sep 2010 14:49:51 +0200
Antwort: Rückforderung von überzahltem Entgelt, Nachzahlung von Gehalt	Tue, 28 Sep 2010 09:16:18 +0200
Rückforderung von überzahltem Entgelt, Nachzahlung von Gehalt	Fri, 10 Sep 2010 01:59:16 +0200
AW: Personalakte Sven Köppel	Tue, 16 Nov 2010 14:05:12 +0100
Re: Personalakte Sven Köppel	Tue, 16 Nov 2010 13:55:44 +0100
AW: Personalakte Sven Köppel	Tue, 16 Nov 2010 09:09:25 +0100
Personalakte Sven Köppel	Mon, 15 Nov 2010 00:37:47 +0100
Re: Vertrag	Tue, 9 Nov 2010 21:15:16 +0100
Re: Vertrag	Tue, 9 Nov 2010 08:01:07 +0100
Re: Vertrag	Mon, 8 Nov 2010 17:07:15 +0100
Re: Vertrag	Sun, 7 Nov 2010 12:27:01 +0100
Re: Vertrag	Fri, 5 Nov 2010 17:17:24 +0100
Re: Vertrag	Fri, 5 Nov 2010 15:41:29 +0100
Re: Vertrag	Fri, 5 Nov 2010 14:38:02 +0100
Re: Vertrag	Wed, 3 Nov 2010 12:14:15 +0100
Re: Vertrag	Wed, 3 Nov 2010 12:07:53 +0100
Vertrag	Wed, 3 Nov 2010 08:26:57 +0100
BioKemika ist tot	Tue, 21 Sep 2010 17:13:04 +0200
Arbeitszeugnis für BioKemika-Hiwistelle	Sun, 12 Dec 2010 22:41:12 +0100
Sie haben die Mailingliste "Biokemika-Newsletter" abbestellt	Mon, 03 Jan 2011 15:43:33 +0100
Sie haben die Mailingliste "Biokemika-Newsletter" abbestellt	Mon, 03 Jan 2011 15:43:33 +0100
BerliOS will be closed on 31.12.2011	Fri, 30 Sep 2011 17:40:24 +0200 (CEST)
BerliOS Developer Account Registration	Mon, 4 Jan 2010 21:30:53 +0100 (CET)
BerliOS Developer Project Approved	Tue, 5 Jan 2010 11:10:56 +0100 (CET)
[Task #4603] Test Task	Wed, 13 Jan 2010 01:23:25 +0100 (CET)
BerliOS Developer Verification	Wed, 16 Jun 2010 14:28:50 +0200 (CEST)
BerliOS Developer: BerliOS needs your support!	Tue, 21 Jun 2011 11:26:46 +0200 (CEST)
BerliOS passwort	Wed, 16 Jun 2010 14:29:53 +0200
Monitor Is Down: BioKemika (http://biokemika.uni-frankfurt.de)	Thu, 05 Jan 2012 13:51:01 -0600
Monitor Is Up: BioKemika (http://biokemika.uni-frankfurt.de)	Mon, 09 Jan 2012 08:39:37 -0600
Fwd: BRUDERHILFE Mail-Info 201201465100603S	Sat, 28 Jan 2012 15:39:42 +0100
Fwd: Videokamera	Thu, 8 Mar 2012 20:09:52 +0100
AW: Videokamera	Thu, 8 Mar 2012 12:07:17 +0100
Re: Videokamera	Wed, 7 Mar 2012 16:57:22 +0100
Fwd: Videokamera	Wed, 7 Mar 2012 15:44:37 +0100
Videokamera	Wed, 7 Mar 2012 15:42:14 +0100
Zusammenarbeit Videoprojekte am Riedberg	Mon, 12 Mar 2012 18:49:44 +0100
Fwd: Videos auf Karten	Tue, 20 Mar 2012 18:00:00 +0100
AW: Videos auf Karten	Tue, 20 Mar 2012 17:58:11 +0100
Videos auf Karten	Tue, 20 Mar 2012 16:53:46 +0100
Re: SeLF BioPhysika BioKemika iGEM & PhysikOnline Podcast-Wiki-Physik	Thu, 22 Mar 2012 01:38:27 +0100
BioKemika Server	Sat, 21 Apr 2012 13:12:26 +0200
Re: Wie wurde das login mit hrz account implementiert	Wed, 02 May 2012 13:40:45 +0200
Uptime Robot - Non-Responding Monitor Paused - BioKemika (http://biokemika.uni-frankfurt.de)	Mon, 05 Nov 2012 10:15:41 -0600
